Product_Name,Product_Category,Payment_Method,Branch_Location,Employee_Name,Order_Status,Customer_Type,Quantity,Unit_Price,Total_Sales,Order_Date,Delivery_Date
Donut,Pastry,GCash,Laguna,James,Completed,Reseller,10,465.64,4656.4,2025-08-23,2025-08-24
Baguette,Dessert,Credit Card,Laguna,Alice,Completed,Walk-in,8,78.95,631.6,2025-07-02,2025-08-13
Brownie,Cake,GCash,Laguna,Sophia,Pending,Online,15,176.56,2648.4,2026-01-15,2026-02-12
Baguette,Dessert,Debit Card,Laguna,James,Completed,Reseller,12,443.83,5325.96,2025-08-22,2026-03-29
Cheesecake,Cake,Cash,Manila,John,Pending,Walk-in,7,499.85,3498.95,2026-01-26,2026-05-28
Brownie,Cake,Credit Card,Batangas,Sophia,Cancelled,Online,5,69.93,349.65,2026-03-02,2026-06-10
Cheesecake,Dessert,GCash,Laguna,Alice,Completed,Online,15,342.42,5136.3,2025-11-13,2026-03-29
Donut,Dessert,GCash,Laguna,John,Completed,Walk-in,15,426.58,6398.7,2025-09-19,2026-05-13
Cheesecake,Bread,Credit Card,Manila,John,Pending,Walk-in,10,434.26,4342.6,2025-09-25,2025-11-20
Cheesecake,Pastry,Debit Card,Batangas,Daniel,Completed,Reseller,14,231.39,3239.46,2025-10-10,2025-12-16
Cookies,Pastry,Debit Card,Manila,Alice,Pending,Online,11,100.1,1101.1,2025-10-11,2025-11-05
Baguette,Pastry,Debit Card,Laguna,John,Completed,Walk-in,7,114.65,802.55,2025-08-04,2025-11-01
Croissant,Cake,Credit Card,Manila,James,Pending,Walk-in,10,112.46,1124.6,2026-04-21,2026-04-24
Cheesecake,Bread,GCash,Manila,Maria,Pending,Online,6,148.02,888.12,2026-03-16,2026-05-26
Croissant,Dessert,GCash,Laguna,John,Cancelled,Walk-in,10,68.02,680.2,2025-06-17,2025-09-15
Cupcake,Dessert,Credit Card,Cavite,Maria,Completed,Online,4,470.92,1883.68,2026-01-11,2026-06-08
Cheesecake,Pastry,Cash,Manila,Alice,Completed,Online,2,332.69,665.38,2025-06-04,2025-08-29
Donut,Cake,Debit Card,Laguna,John,Completed,Reseller,10,218.6,2186.0,2025-11-02,2026-01-26
Donut,Cake,Cash,Batangas,Daniel,Completed,Walk-in,12,255.08,3060.96,2025-06-08,2026-03-14
Baguette,Bread,Cash,Manila,John,Completed,Walk-in,7,402.52,2817.64,2025-07-27,2025-09-11
Brownie,Dessert,Debit Card,Laguna,John,Completed,Walk-in,8,201.28,1610.24,2026-02-27,2026-04-16
Donut,Cake,GCash,Laguna,James,Pending,Reseller,10,401.7,4017.0,2025-09-14,2026-04-15
Croissant,Bread,Credit Card,Batangas,Sophia,Completed,Reseller,8,181.86,1454.88,2025-07-29,2026-03-25
Cheesecake,Cake,GCash,Manila,Maria,Cancelled,Walk-in,3,323.96,971.88,2025-07-20,2025-09-17
Cheesecake,Dessert,GCash,Batangas,Sophia,Completed,Online,10,443.89,4438.9,2025-07-04,2025-10-21
Donut,Cake,Cash,Manila,John,Completed,Online,13,382.19,4968.47,2025-08-20,2026-05-25
Baguette,Bread,Debit Card,Cavite,James,Pending,Walk-in,6,481.17,2887.02,2025-09-21,2026-02-06
Cookies,Bread,Cash,Cavite,Alice,Cancelled,Reseller,8,490.14,3921.12,2026-03-06,2026-03-26
Croissant,Bread,Cash,Cavite,John,Cancelled,Reseller,8,385.21,3081.68,2025-12-17,2026-05-07
Cupcake,Cake,GCash,Manila,Maria,Completed,Online,11,323.21,3555.31,2025-11-10,2026-03-07
Baguette,Bread,Cash,Manila,Maria,Completed,Walk-in,1,231.63,231.63,2025-09-29,2026-01-29
Baguette,Cake,GCash,Batangas,James,Pending,Reseller,11,348.71,3835.81,2025-06-07,2025-06-09
Cupcake,Cake,Credit Card,Manila,Daniel,Pending,Online,14,96.67,1353.38,2026-02-14,2026-03-30
Cookies,Cake,Cash,Cavite,James,Pending,Walk-in,8,160.63,1285.04,2026-03-13,2026-04-10
Brownie,Dessert,Cash,Cavite,Daniel,Pending,Walk-in,15,420.41,6306.15,2025-07-10,2026-01-03
Cookies,Dessert,Debit Card,Laguna,Alice,Cancelled,Reseller,8,118.36,946.88,2026-01-17,2026-02-20
Cheesecake,Bread,GCash,Cavite,Maria,Completed,Reseller,4,227.69,910.76,2026-02-15,2026-03-10
Cookies,Bread,GCash,Laguna,Maria,Completed,Reseller,1,479.54,479.54,2025-09-09,2026-05-29
Cheesecake,Bread,Credit Card,Laguna,Maria,Pending,Reseller,3,383.21,1149.63,2026-05-13,2026-06-03
Croissant,Cake,Cash,Cavite,Alice,Cancelled,Reseller,2,448.34,896.68,2026-02-08,2026-05-11
Cheesecake,Cake,GCash,Manila,Maria,Pending,Walk-in,6,115.39,692.34,2025-10-23,2025-10-31
Baguette,Dessert,Debit Card,Manila,Alice,Completed,Reseller,8,91.15,729.2,2025-09-11,2026-05-08
Brownie,Dessert,Debit Card,Manila,Alice,Cancelled,Walk-in,3,224.59,673.77,2025-07-19,2026-04-05
Donut,Dessert,GCash,Cavite,Alice,Cancelled,Reseller,15,72.44,1086.6,2025-07-23,2025-10-02
Croissant,Bread,Cash,Batangas,James,Pending,Walk-in,3,174.12,522.36,2026-04-17,2026-04-30
Donut,Bread,GCash,Manila,John,Pending,Reseller,5,107.79,538.95,2026-02-01,2026-02-23
Cupcake,Cake,Debit Card,Cavite,Daniel,Cancelled,Walk-in,5,122.74,613.7,2026-03-25,2026-04-10
Brownie,Cake,Debit Card,Manila,James,Cancelled,Reseller,15,493.36,7400.4,2026-01-13,2026-03-15
Cupcake,Dessert,Cash,Laguna,Maria,Cancelled,Walk-in,7,362.63,2538.41,2025-06-08,2025-10-23
Brownie,Bread,Cash,Laguna,Sophia,Cancelled,Walk-in,4,144.86,579.44,2025-06-03,2025-09-02
Donut,Bread,Debit Card,Laguna,Maria,Completed,Reseller,1,295.6,295.6,2026-02-04,2026-04-28
Cheesecake,Pastry,GCash,Manila,Maria,Cancelled,Online,12,295.58,3546.96,2025-12-06,2026-04-29
Croissant,Pastry,Debit Card,Manila,Sophia,Pending,Reseller,10,221.18,2211.8,2025-07-20,2025-09-23
Cheesecake,Pastry,Debit Card,Laguna,Maria,Completed,Online,11,360.47,3965.17,2025-12-01,2025-12-04
Brownie,Dessert,GCash,Cavite,Alice,Completed,Reseller,6,196.01,1176.06,2025-12-19,2026-03-16
Cookies,Bread,Cash,Cavite,Maria,Pending,Walk-in,11,329.79,3627.69,2026-04-28,2026-06-09
Donut,Dessert,Debit Card,Cavite,Daniel,Completed,Walk-in,7,487.36,3411.52,2026-03-22,2026-04-16
Croissant,Cake,GCash,Cavite,John,Completed,Walk-in,8,374.97,2999.76,2025-06-09,2025-11-20
Baguette,Dessert,Cash,Batangas,Sophia,Cancelled,Reseller,9,149.05,1341.45,2025-05-29,2025-09-18
Baguette,Cake,Cash,Cavite,Daniel,Pending,Online,13,143.52,1865.76,2025-06-01,2026-03-25
Cupcake,Dessert,GCash,Manila,John,Cancelled,Walk-in,13,110.56,1437.28,2025-12-20,2026-05-06
Cookies,Dessert,Debit Card,Laguna,James,Cancelled,Reseller,15,183.61,2754.15,2025-12-21,2025-12-25
Cookies,Dessert,Credit Card,Manila,James,Pending,Walk-in,8,124.21,993.68,2025-11-15,2025-11-24
Cupcake,Cake,GCash,Cavite,James,Pending,Online,11,282.57,3108.27,2026-02-22,2026-04-25
Cheesecake,Pastry,Credit Card,Laguna,James,Cancelled,Online,14,364.66,5105.24,2026-01-03,2026-02-12
Baguette,Dessert,GCash,Cavite,Maria,Completed,Walk-in,14,95.33,1334.62,2026-05-04,2026-06-03
Baguette,Cake,Cash,Laguna,Sophia,Pending,Online,3,170.96,512.88,2025-10-09,2026-05-15
Brownie,Dessert,Credit Card,Laguna,Maria,Completed,Reseller,10,354.45,3544.5,2026-03-16,2026-03-18
Donut,Dessert,Credit Card,Manila,Daniel,Pending,Online,7,297.15,2080.05,2025-12-13,2026-03-03
Brownie,Cake,Debit Card,Batangas,Sophia,Cancelled,Reseller,11,70.46,775.06,2026-02-21,2026-02-21
Brownie,Bread,Debit Card,Laguna,James,Pending,Walk-in,8,91.33,730.64,2025-11-23,2026-04-20
Cookies,Pastry,Debit Card,Batangas,Maria,Cancelled,Walk-in,3,131.92,395.76,2026-03-09,2026-03-25
Cupcake,Dessert,Debit Card,Manila,James,Completed,Online,3,213.88,641.64,2025-08-06,2026-02-18
Croissant,Bread,Debit Card,Batangas,Sophia,Completed,Reseller,3,423.07,1269.21,2026-04-27,2026-05-18
Donut,Bread,Credit Card,Cavite,Sophia,Cancelled,Reseller,11,481.78,5299.58,2025-10-16,2026-05-24
Cupcake,Bread,GCash,Cavite,James,Cancelled,Reseller,12,228.63,2743.56,2025-07-29,2025-08-27
Cookies,Pastry,GCash,Laguna,James,Cancelled,Walk-in,2,75.52,151.04,2025-11-04,2026-04-22
Baguette,Cake,GCash,Cavite,Sophia,Cancelled,Reseller,6,213.55,1281.3,2025-12-13,2026-03-09
Baguette,Pastry,Credit Card,Manila,James,Cancelled,Online,11,260.37,2864.07,2026-02-10,2026-04-26
Cookies,Pastry,Cash,Batangas,James,Pending,Online,15,336.2,5043.0,2026-02-08,2026-06-02
Donut,Dessert,Cash,Manila,Maria,Completed,Online,5,126.87,634.35,2025-10-31,2026-05-21
Cupcake,Pastry,GCash,Manila,John,Completed,Online,10,430.19,4301.9,2025-11-14,2025-12-28
Cupcake,Pastry,Debit Card,Batangas,Alice,Completed,Online,8,57.23,457.84,2025-08-19,2025-09-11
Cookies,Dessert,Cash,Laguna,Alice,Pending,Reseller,12,181.44,2177.28,2025-09-06,2026-04-21
Croissant,Bread,GCash,Cavite,Alice,Completed,Online,4,347.56,1390.24,2025-07-22,2026-01-11
Cookies,Bread,GCash,Cavite,James,Completed,Reseller,12,475.28,5703.36,2025-07-28,2026-01-16
Croissant,Pastry,Debit Card,Cavite,John,Pending,Walk-in,6,322.22,1933.32,2026-03-06,2026-04-15
Cupcake,Dessert,GCash,Cavite,John,Completed,Walk-in,3,363.76,1091.28,2025-06-19,2025-07-07
Croissant,Dessert,GCash,Manila,Alice,Completed,Online,10,315.32,3153.2,2025-12-08,2025-12-09
Cupcake,Dessert,Cash,Manila,Sophia,Pending,Walk-in,7,55.22,386.54,2026-05-08,2026-05-12
Croissant,Cake,GCash,Manila,Alice,Completed,Walk-in,3,394.89,1184.67,2026-03-23,2026-05-03
Donut,Dessert,Cash,Laguna,Daniel,Cancelled,Online,7,226.55,1585.85,2026-01-31,2026-03-10
Cupcake,Pastry,Debit Card,Cavite,Alice,Completed,Online,13,358.52,4660.76,2025-10-01,2025-11-12
Cookies,Cake,Cash,Cavite,Maria,Completed,Online,4,396.62,1586.48,2025-12-08,2026-02-28
Croissant,Cake,Credit Card,Batangas,Maria,Cancelled,Reseller,13,187.97,2443.61,2026-02-11,2026-04-25
Cupcake,Cake,Debit Card,Batangas,John,Completed,Walk-in,1,348.7,348.7,2025-08-16,2026-06-08
Brownie,Pastry,Credit Card,Laguna,John,Pending,Reseller,11,241.56,2657.16,2025-08-27,2025-11-12
Cupcake,Cake,GCash,Laguna,Sophia,Cancelled,Online,15,418.49,6277.35,2026-01-12,2026-02-04
Cupcake,Pastry,Cash,Cavite,John,Pending,Reseller,2,152.46,304.92,2026-02-19,2026-05-26
Baguette,Pastry,Cash,Laguna,Sophia,Cancelled,Reseller,6,370.36,2222.16,2026-04-04,2026-04-28
Cookies,Dessert,Debit Card,Manila,John,Completed,Reseller,7,313.5,2194.5,2025-08-10,2026-03-26
Cupcake,Pastry,GCash,Manila,Sophia,Pending,Reseller,9,360.99,3248.91,2026-02-01,2026-03-15
Donut,Pastry,Cash,Manila,Alice,Cancelled,Walk-in,5,446.86,2234.3,2026-01-08,2026-05-11
Cookies,Dessert,GCash,Batangas,Alice,Completed,Reseller,3,370.75,1112.25,2026-02-21,2026-06-11
Croissant,Bread,Debit Card,Laguna,Maria,Pending,Reseller,12,64.76,777.12,2025-12-31,2026-02-24
Brownie,Cake,Cash,Manila,Maria,Pending,Online,2,303.95,607.9,2026-04-21,2026-04-21
Baguette,Cake,Debit Card,Manila,John,Cancelled,Online,8,413.7,3309.6,2025-08-24,2026-01-11
Brownie,Pastry,Debit Card,Laguna,Alice,Cancelled,Walk-in,4,255.75,1023.0,2026-01-10,2026-01-13
Cupcake,Pastry,GCash,Cavite,Daniel,Completed,Online,9,258.2,2323.8,2025-08-11,2026-03-19
Cheesecake,Bread,Credit Card,Batangas,James,Pending,Walk-in,12,223.78,2685.36,2025-11-05,2026-01-24
Croissant,Bread,Credit Card,Laguna,James,Cancelled,Walk-in,12,302.57,3630.84,2025-08-20,2026-01-23
Baguette,Bread,Debit Card,Manila,Sophia,Completed,Walk-in,1,249.53,249.53,2026-04-18,2026-05-30
Brownie,Dessert,Debit Card,Batangas,John,Completed,Walk-in,3,95.05,285.15,2025-05-28,2025-06-06
Cookies,Pastry,Debit Card,Laguna,John,Pending,Reseller,10,411.8,4118.0,2025-06-15,2026-02-14
Cheesecake,Dessert,Debit Card,Laguna,Maria,Cancelled,Online,10,90.49,904.9,2026-04-23,2026-05-22
Baguette,Bread,Cash,Manila,Sophia,Completed,Online,3,327.68,983.04,2026-04-21,2026-05-19
Donut,Cake,Cash,Cavite,Alice,Pending,Online,5,103.72,518.6,2025-09-10,2025-12-02
Brownie,Bread,Credit Card,Batangas,John,Pending,Walk-in,5,152.22,761.1,2025-09-07,2026-01-24
Cheesecake,Bread,Credit Card,Laguna,Sophia,Completed,Reseller,3,487.64,1462.92,2026-04-23,2026-05-13
Donut,Cake,Debit Card,Cavite,Alice,Completed,Reseller,2,298.81,597.62,2025-06-15,2026-04-05
Cookies,Dessert,Credit Card,Cavite,James,Completed,Walk-in,1,181.87,181.87,2025-08-06,2026-02-17
Brownie,Pastry,GCash,Cavite,John,Completed,Online,1,176.56,176.56,2025-11-09,2026-03-05
Baguette,Pastry,Debit Card,Cavite,John,Pending,Online,9,76.6,689.4,2025-11-27,2026-03-30
Cookies,Cake,Debit Card,Manila,James,Completed,Reseller,5,357.7,1788.5,2025-08-23,2025-09-07
Cupcake,Pastry,Cash,Cavite,Sophia,Completed,Online,6,400.9,2405.4,2025-06-19,2026-01-01
Cheesecake,Bread,Cash,Batangas,Alice,Cancelled,Online,6,297.82,1786.92,2025-09-08,2026-03-20
Brownie,Pastry,Credit Card,Laguna,James,Cancelled,Walk-in,8,225.65,1805.2,2025-08-15,2026-04-19
Baguette,Cake,Debit Card,Laguna,Maria,Pending,Walk-in,6,227.62,1365.72,2026-03-14,2026-03-22
Brownie,Bread,GCash,Batangas,Daniel,Cancelled,Online,13,482.21,6268.73,2025-08-15,2025-11-24
Cheesecake,Pastry,GCash,Laguna,Sophia,Pending,Reseller,9,422.38,3801.42,2025-11-06,2026-04-07
Cookies,Dessert,Cash,Cavite,John,Pending,Walk-in,11,269.52,2964.72,2026-05-10,2026-06-11
Croissant,Pastry,Debit Card,Laguna,James,Pending,Walk-in,13,414.64,5390.32,2025-07-08,2025-09-17
Croissant,Pastry,Debit Card,Batangas,James,Cancelled,Walk-in,3,70.65,211.95,2025-12-11,2025-12-18
Cheesecake,Pastry,Credit Card,Laguna,John,Completed,Reseller,12,111.64,1339.68,2025-11-04,2026-05-26
Cupcake,Cake,GCash,Batangas,Sophia,Completed,Online,10,322.14,3221.4,2025-09-19,2025-09-21
Cookies,Dessert,Cash,Cavite,Maria,Cancelled,Reseller,7,298.86,2092.02,2025-08-06,2025-09-17
Cupcake,Dessert,Debit Card,Manila,Sophia,Completed,Walk-in,12,253.07,3036.84,2025-08-05,2026-04-23
Brownie,Dessert,Cash,Batangas,Alice,Pending,Walk-in,8,202.03,1616.24,2025-09-24,2026-05-04
Cupcake,Cake,GCash,Laguna,Daniel,Pending,Reseller,7,336.56,2355.92,2026-02-23,2026-06-03
Donut,Bread,Credit Card,Manila,Daniel,Pending,Online,11,55.25,607.75,2025-12-07,2026-01-05
Baguette,Bread,GCash,Laguna,Sophia,Cancelled,Walk-in,12,161.22,1934.64,2025-08-13,2026-03-04
Brownie,Pastry,Cash,Manila,Daniel,Completed,Reseller,11,177.9,1956.9,2025-05-17,2025-09-04
Cupcake,Bread,Cash,Cavite,Alice,Pending,Online,7,140.32,982.24,2025-07-07,2025-08-24
Cheesecake,Pastry,Credit Card,Manila,Alice,Pending,Walk-in,7,336.22,2353.54,2026-01-18,2026-02-02
Cheesecake,Cake,GCash,Manila,John,Pending,Walk-in,4,190.15,760.6,2025-11-01,2026-02-27
Cookies,Dessert,Debit Card,Manila,Alice,Pending,Online,13,207.68,2699.84,2026-05-13,2026-06-05
Brownie,Dessert,Cash,Laguna,Sophia,Cancelled,Online,2,207.25,414.5,2025-06-29,2026-02-17
Cheesecake,Bread,Credit Card,Batangas,James,Completed,Online,4,363.86,1455.44,2025-10-20,2026-05-17
Cheesecake,Bread,Credit Card,Manila,Sophia,Pending,Reseller,2,411.34,822.68,2025-10-07,2025-12-18
Cupcake,Pastry,Cash,Manila,Daniel,Completed,Online,15,199.51,2992.65,2026-03-21,2026-03-29
Brownie,Bread,Credit Card,Manila,Sophia,Cancelled,Walk-in,10,242.57,2425.7,2026-03-22,2026-04-02
Cupcake,Cake,Cash,Cavite,Maria,Cancelled,Reseller,6,155.24,931.44,2025-10-04,2026-02-09
Cookies,Pastry,GCash,Laguna,Sophia,Cancelled,Walk-in,4,390.77,1563.08,2025-09-27,2026-02-20
Cupcake,Pastry,Debit Card,Cavite,Alice,Cancelled,Walk-in,7,398.13,2786.91,2026-02-24,2026-05-10
Croissant,Bread,Credit Card,Manila,Daniel,Cancelled,Walk-in,10,92.84,928.4,2025-10-17,2025-10-31
Donut,Bread,GCash,Manila,John,Completed,Reseller,1,402.02,402.02,2025-06-15,2026-03-14
Cheesecake,Dessert,Debit Card,Cavite,Maria,Pending,Reseller,2,238.69,477.38,2025-08-15,2026-01-26
Croissant,Pastry,Cash,Manila,Sophia,Completed,Walk-in,3,469.23,1407.69,2026-02-14,2026-04-17
Cookies,Pastry,Debit Card,Batangas,Alice,Cancelled,Reseller,2,436.08,872.16,2025-07-22,2025-08-21
Baguette,Pastry,Debit Card,Batangas,Alice,Pending,Reseller,4,131.69,526.76,2025-08-19,2025-11-26
Croissant,Dessert,GCash,Cavite,James,Pending,Reseller,2,424.79,849.58,2026-03-23,2026-03-28
Croissant,Bread,Debit Card,Batangas,Daniel,Completed,Reseller,11,243.59,2679.49,2026-03-24,2026-05-03
Croissant,Pastry,Cash,Laguna,Maria,Pending,Walk-in,5,217.04,1085.2,2026-04-02,2026-05-31
Donut,Bread,Cash,Batangas,Alice,Cancelled,Reseller,13,474.98,6174.74,2026-01-31,2026-02-20
Cupcake,Pastry,GCash,Cavite,James,Cancelled,Online,1,320.44,320.44,2026-05-09,2026-05-16
Cupcake,Pastry,Debit Card,Batangas,John,Completed,Reseller,3,232.35,697.05,2025-07-17,2025-09-06
Donut,Dessert,GCash,Manila,John,Pending,Reseller,4,220.18,880.72,2025-07-16,2025-09-25
Croissant,Dessert,Debit Card,Cavite,Maria,Cancelled,Reseller,9,177.09,1593.81,2026-01-12,2026-03-14
Cookies,Cake,GCash,Cavite,James,Cancelled,Walk-in,13,460.31,5984.03,2026-05-14,2026-05-17
Brownie,Dessert,Credit Card,Laguna,Sophia,Pending,Online,14,296.27,4147.78,2025-09-21,2025-12-16
Brownie,Pastry,Cash,Manila,Daniel,Pending,Reseller,10,179.39,1793.9,2025-12-24,2026-02-13
Croissant,Cake,Debit Card,Laguna,Sophia,Pending,Online,5,220.79,1103.95,2026-03-15,2026-06-02
Cheesecake,Dessert,GCash,Cavite,Alice,Cancelled,Reseller,2,99.55,199.1,2026-03-24,2026-04-26
Cupcake,Cake,Cash,Cavite,Alice,Pending,Walk-in,6,232.11,1392.66,2026-02-21,2026-06-07
Croissant,Pastry,GCash,Laguna,John,Pending,Reseller,8,262.92,2103.36,2025-11-17,2026-03-12
Cheesecake,Dessert,Debit Card,Laguna,Alice,Cancelled,Online,4,142.01,568.04,2026-04-28,2026-05-13
Cheesecake,Cake,Cash,Laguna,Daniel,Cancelled,Online,7,460.54,3223.78,2026-01-30,2026-03-16
Cheesecake,Pastry,Cash,Manila,Maria,Pending,Online,1,199.58,199.58,2025-11-10,2026-03-09
Cookies,Cake,Cash,Cavite,James,Cancelled,Walk-in,6,218.64,1311.84,2025-10-21,2026-05-22
Brownie,Cake,GCash,Batangas,Sophia,Pending,Online,13,368.95,4796.35,2025-09-04,2026-05-18
Cookies,Dessert,Credit Card,Cavite,Daniel,Pending,Reseller,15,268.14,4022.1,2026-04-07,2026-05-18
Donut,Dessert,Cash,Cavite,John,Pending,Online,5,249.56,1247.8,2026-05-11,2026-05-31
Baguette,Dessert,Cash,Laguna,Alice,Pending,Walk-in,7,444.06,3108.42,2025-09-09,2025-11-12
Cheesecake,Dessert,GCash,Cavite,John,Completed,Reseller,1,61.87,61.87,2026-03-27,2026-06-13
Cookies,Bread,Credit Card,Batangas,Maria,Completed,Reseller,8,56.52,452.16,2025-08-15,2026-06-08
Croissant,Dessert,Credit Card,Batangas,John,Cancelled,Reseller,11,87.28,960.08,2026-04-25,2026-05-13
Cheesecake,Bread,Debit Card,Manila,James,Cancelled,Online,3,156.37,469.11,2025-10-21,2026-02-23
Cheesecake,Dessert,GCash,Batangas,Sophia,Cancelled,Online,1,351.56,351.56,2025-10-05,2026-05-16
Croissant,Bread,Cash,Manila,Alice,Cancelled,Online,15,339.68,5095.2,2026-02-21,2026-03-06
Cookies,Cake,GCash,Manila,Sophia,Cancelled,Walk-in,6,423.6,2541.6,2025-12-02,2026-06-02
Cookies,Cake,GCash,Laguna,Maria,Pending,Reseller,1,387.06,387.06,2025-09-21,2026-01-22
Croissant,Bread,Cash,Cavite,James,Completed,Walk-in,12,95.45,1145.4,2025-05-30,2026-03-21
Brownie,Dessert,Cash,Manila,John,Pending,Walk-in,12,102.85,1234.2,2025-11-29,2025-12-17
Donut,Cake,Debit Card,Cavite,Daniel,Pending,Reseller,13,356.56,4635.28,2025-07-13,2025-12-15
Baguette,Dessert,Cash,Laguna,Alice,Pending,Reseller,8,156.96,1255.68,2026-02-10,2026-04-23
Donut,Pastry,Cash,Cavite,Maria,Pending,Reseller,10,143.14,1431.4,2025-07-17,2026-04-30
Cupcake,Dessert,Credit Card,Laguna,Sophia,Pending,Online,6,271.8,1630.8,2026-05-09,2026-05-19
Croissant,Bread,Credit Card,Laguna,Alice,Cancelled,Online,15,232.3,3484.5,2026-01-20,2026-05-20
Brownie,Dessert,GCash,Manila,Sophia,Cancelled,Reseller,8,423.38,3387.04,2025-09-25,2026-03-14
Cheesecake,Cake,GCash,Cavite,Alice,Completed,Online,2,467.95,935.9,2025-06-10,2026-04-21
Croissant,Cake,GCash,Cavite,Alice,Pending,Reseller,15,385.0,5775.0,2025-11-20,2026-05-01
Donut,Bread,GCash,Laguna,Maria,Completed,Online,6,154.54,927.24,2025-11-15,2025-12-06
Brownie,Pastry,Cash,Laguna,Maria,Cancelled,Online,4,255.99,1023.96,2026-02-10,2026-04-01
Baguette,Dessert,Credit Card,Laguna,Sophia,Pending,Walk-in,12,163.73,1964.76,2025-07-26,2025-12-15
Croissant,Cake,Debit Card,Manila,John,Completed,Online,3,478.01,1434.03,2025-09-16,2026-01-31
Brownie,Dessert,Cash,Batangas,James,Completed,Walk-in,2,474.94,949.88,2026-05-11,2026-05-28
Cupcake,Dessert,GCash,Manila,Sophia,Pending,Walk-in,10,232.26,2322.6,2025-07-20,2025-11-21
Cookies,Pastry,GCash,Laguna,Daniel,Pending,Online,6,436.64,2619.84,2026-01-17,2026-02-20
Baguette,Bread,Debit Card,Batangas,Maria,Completed,Online,15,485.15,7277.25,2026-03-02,2026-05-18
Cupcake,Dessert,Credit Card,Laguna,Sophia,Cancelled,Online,4,104.16,416.64,2025-11-27,2026-04-04
Baguette,Pastry,GCash,Cavite,Maria,Cancelled,Online,11,274.69,3021.59,2026-04-21,2026-06-07
Donut,Bread,GCash,Cavite,Sophia,Pending,Walk-in,10,71.97,719.7,2025-07-04,2026-02-17
Cupcake,Pastry,Debit Card,Batangas,Maria,Cancelled,Online,15,155.96,2339.4,2026-04-15,2026-05-27
Croissant,Cake,GCash,Manila,Maria,Completed,Walk-in,6,481.63,2889.78,2025-12-03,2026-02-04
Donut,Cake,Cash,Batangas,James,Cancelled,Walk-in,15,384.72,5770.8,2025-07-29,2025-09-10
Cupcake,Pastry,Credit Card,Laguna,James,Completed,Walk-in,3,246.81,740.43,2026-03-29,2026-05-04
Brownie,Bread,Cash,Batangas,Daniel,Completed,Online,14,420.64,5888.96,2025-12-01,2026-03-22
Brownie,Bread,Debit Card,Batangas,Sophia,Completed,Walk-in,7,231.84,1622.88,2026-03-03,2026-05-04
Baguette,Cake,Debit Card,Cavite,James,Cancelled,Walk-in,5,174.89,874.45,2026-02-22,2026-03-31
Cookies,Pastry,Credit Card,Batangas,James,Cancelled,Reseller,8,220.66,1765.28,2026-03-26,2026-05-12
Brownie,Cake,Debit Card,Cavite,Daniel,Pending,Reseller,8,149.23,1193.84,2026-03-23,2026-05-24
Brownie,Cake,Cash,Cavite,Daniel,Cancelled,Walk-in,8,487.24,3897.92,2026-03-20,2026-04-08
Donut,Bread,Debit Card,Cavite,James,Completed,Walk-in,5,408.64,2043.2,2026-02-02,2026-04-26
Cookies,Dessert,GCash,Batangas,James,Completed,Walk-in,8,402.19,3217.52,2026-01-12,2026-03-27
Baguette,Cake,Cash,Laguna,Maria,Pending,Walk-in,1,350.89,350.89,2026-03-28,2026-06-12
Cheesecake,Bread,Credit Card,Manila,Maria,Pending,Online,12,345.1,4141.2,2025-07-31,2026-01-04
Cheesecake,Pastry,Credit Card,Laguna,Sophia,Pending,Walk-in,11,82.55,908.05,2026-04-11,2026-05-15
Croissant,Bread,Debit Card,Batangas,Daniel,Completed,Reseller,8,233.67,1869.36,2025-11-20,2026-05-27
Cheesecake,Dessert,Cash,Cavite,Sophia,Completed,Walk-in,11,459.53,5054.83,2025-10-16,2026-03-17
Brownie,Pastry,Credit Card,Cavite,James,Pending,Reseller,12,439.28,5271.36,2025-09-28,2026-01-21
Donut,Pastry,Credit Card,Cavite,James,Cancelled,Reseller,8,191.58,1532.64,2026-02-15,2026-03-15
Cupcake,Dessert,Debit Card,Manila,Sophia,Completed,Walk-in,4,430.04,1720.16,2025-06-29,2025-10-06
Cookies,Bread,Cash,Manila,Sophia,Completed,Reseller,14,192.65,2697.1,2025-05-27,2026-03-03
Cookies,Bread,GCash,Cavite,John,Pending,Walk-in,9,402.25,3620.25,2026-02-10,2026-05-19
Croissant,Dessert,GCash,Cavite,Daniel,Pending,Walk-in,10,400.37,4003.7,2026-03-04,2026-06-06
Donut,Dessert,GCash,Cavite,Maria,Pending,Reseller,13,371.84,4833.92,2026-04-11,2026-06-01
Croissant,Bread,Credit Card,Laguna,Maria,Cancelled,Online,10,184.33,1843.3,2026-03-17,2026-05-07
Cookies,Cake,Cash,Laguna,Sophia,Completed,Walk-in,8,113.61,908.88,2025-09-26,2026-03-29
Croissant,Pastry,Cash,Laguna,Maria,Cancelled,Walk-in,5,331.77,1658.85,2025-07-15,2026-03-23
Croissant,Cake,Cash,Manila,Sophia,Cancelled,Online,5,383.2,1916.0,2025-11-19,2025-12-26
Baguette,Pastry,GCash,Manila,James,Cancelled,Online,8,51.29,410.32,2025-11-04,2026-01-30
Cheesecake,Pastry,GCash,Batangas,James,Completed,Reseller,7,413.65,2895.55,2026-02-07,2026-03-09
Cheesecake,Bread,Cash,Batangas,Daniel,Cancelled,Reseller,6,475.29,2851.74,2025-08-24,2026-05-08
Donut,Cake,Credit Card,Batangas,Maria,Completed,Online,13,87.93,1143.09,2025-12-10,2026-04-11
Baguette,Bread,Debit Card,Manila,John,Cancelled,Online,9,483.46,4351.14,2026-02-14,2026-04-29
Donut,Bread,Cash,Cavite,Sophia,Cancelled,Reseller,3,364.84,1094.52,2026-01-22,2026-04-10
Cupcake,Cake,Debit Card,Batangas,Alice,Cancelled,Online,11,272.44,2996.84,2025-06-02,2026-01-05
Brownie,Dessert,Cash,Manila,James,Completed,Reseller,7,298.27,2087.89,2026-05-11,2026-06-03
Croissant,Cake,Cash,Laguna,Alice,Cancelled,Online,4,132.46,529.84,2025-08-20,2026-06-01
Croissant,Cake,GCash,Laguna,John,Pending,Reseller,10,205.0,2050.0,2025-09-03,2026-03-22
Brownie,Cake,Credit Card,Cavite,Sophia,Completed,Walk-in,8,437.82,3502.56,2026-04-06,2026-06-03
Brownie,Dessert,Credit Card,Laguna,James,Pending,Walk-in,5,315.2,1576.0,2025-06-14,2026-04-19
Cookies,Pastry,Cash,Manila,Alice,Cancelled,Online,7,478.4,3348.8,2025-08-12,2026-02-07
Cookies,Bread,Credit Card,Laguna,James,Cancelled,Online,4,101.58,406.32,2025-12-29,2026-01-31
Brownie,Bread,Debit Card,Cavite,Sophia,Cancelled,Online,15,354.73,5320.95,2025-08-31,2026-01-11
Baguette,Bread,Cash,Cavite,James,Pending,Online,7,184.1,1288.7,2025-05-21,2026-05-03
Cheesecake,Cake,Credit Card,Cavite,Maria,Completed,Walk-in,14,358.22,5015.08,2025-12-28,2026-03-27
Cookies,Cake,GCash,Laguna,Daniel,Pending,Online,7,90.66,634.62,2025-06-17,2026-03-27
Cupcake,Bread,Cash,Manila,John,Pending,Reseller,14,348.43,4878.02,2025-07-04,2025-08-01
Cupcake,Dessert,Cash,Laguna,James,Cancelled,Reseller,4,397.09,1588.36,2025-05-27,2026-01-30
Brownie,Pastry,Credit Card,Cavite,James,Completed,Walk-in,2,328.86,657.72,2025-09-18,2026-03-31
Croissant,Dessert,GCash,Laguna,Sophia,Pending,Reseller,9,224.68,2022.12,2026-05-01,2026-05-27
Croissant,Dessert,Cash,Cavite,Sophia,Completed,Reseller,3,199.17,597.51,2026-03-27,2026-03-28
Brownie,Cake,GCash,Cavite,John,Cancelled,Walk-in,8,77.49,619.92,2025-10-26,2025-10-31
Baguette,Pastry,Debit Card,Cavite,Alice,Cancelled,Online,9,370.5,3334.5,2025-05-19,2026-02-07
Cupcake,Pastry,GCash,Batangas,Sophia,Pending,Reseller,11,305.5,3360.5,2026-03-16,2026-05-01
Cheesecake,Cake,GCash,Batangas,Alice,Cancelled,Walk-in,4,117.61,470.44,2025-09-06,2025-09-24
Croissant,Dessert,GCash,Manila,James,Cancelled,Reseller,13,295.17,3837.21,2025-07-18,2026-04-05
Cheesecake,Bread,Credit Card,Manila,Daniel,Completed,Online,3,295.53,886.59,2025-12-14,2026-03-30
Cupcake,Pastry,Credit Card,Batangas,James,Completed,Walk-in,1,150.36,150.36,2026-02-02,2026-04-14
Baguette,Pastry,GCash,Manila,Sophia,Pending,Walk-in,10,261.32,2613.2,2026-05-06,2026-06-07
Croissant,Pastry,Debit Card,Manila,John,Cancelled,Reseller,8,447.28,3578.24,2026-03-04,2026-05-31
Baguette,Pastry,Debit Card,Manila,Maria,Completed,Walk-in,3,295.81,887.43,2026-04-18,2026-04-21
Brownie,Dessert,Credit Card,Manila,John,Cancelled,Online,11,330.94,3640.34,2025-09-25,2025-11-13
Croissant,Pastry,Debit Card,Cavite,James,Cancelled,Reseller,11,316.13,3477.43,2025-09-04,2026-03-19
Cookies,Bread,Credit Card,Cavite,Daniel,Cancelled,Online,1,377.64,377.64,2026-03-03,2026-04-10
Cupcake,Cake,Credit Card,Batangas,James,Cancelled,Walk-in,3,78.06,234.18,2026-02-09,2026-03-16
Cupcake,Cake,Cash,Laguna,Alice,Pending,Online,6,274.4,1646.4,2026-01-03,2026-05-04
Croissant,Bread,Credit Card,Batangas,Alice,Completed,Reseller,14,195.67,2739.38,2025-12-01,2026-03-02
Brownie,Bread,Debit Card,Cavite,Alice,Cancelled,Walk-in,14,469.34,6570.76,2025-08-17,2025-12-09
Baguette,Cake,Debit Card,Manila,Alice,Completed,Online,4,218.69,874.76,2026-04-26,2026-05-06
Cookies,Pastry,Credit Card,Laguna,Alice,Cancelled,Online,6,427.34,2564.04,2025-09-28,2025-11-05
Baguette,Dessert,Debit Card,Laguna,John,Cancelled,Walk-in,9,476.87,4291.83,2025-12-06,2026-03-23
Cheesecake,Dessert,GCash,Batangas,Alice,Pending,Walk-in,1,123.31,123.31,2025-10-12,2026-05-09
Croissant,Pastry,Debit Card,Laguna,Maria,Completed,Online,14,258.71,3621.94,2026-04-18,2026-06-02
Cookies,Cake,Cash,Batangas,Maria,Completed,Walk-in,6,378.95,2273.7,2025-11-29,2026-06-09
Donut,Bread,Credit Card,Cavite,John,Pending,Walk-in,13,222.47,2892.11,2026-03-03,2026-05-30
Baguette,Cake,Debit Card,Laguna,Daniel,Pending,Online,4,98.73,394.92,2026-03-01,2026-04-29
Cupcake,Dessert,GCash,Cavite,Maria,Pending,Reseller,9,231.37,2082.33,2025-10-15,2025-11-03
Donut,Pastry,Credit Card,Batangas,James,Completed,Reseller,12,314.87,3778.44,2025-12-24,2026-03-26
Donut,Pastry,GCash,Laguna,Daniel,Pending,Walk-in,14,229.42,3211.88,2026-04-08,2026-05-14
Cupcake,Cake,GCash,Cavite,James,Cancelled,Walk-in,14,177.53,2485.42,2025-07-17,2025-10-13
Cheesecake,Cake,Debit Card,Cavite,John,Pending,Reseller,15,63.05,945.75,2025-07-26,2025-11-16
Cupcake,Pastry,GCash,Manila,Maria,Completed,Online,10,248.88,2488.8,2026-01-04,2026-02-26
Croissant,Pastry,GCash,Batangas,John,Pending,Walk-in,8,297.46,2379.68,2025-06-14,2025-12-24
Donut,Pastry,Credit Card,Cavite,Maria,Completed,Online,4,289.79,1159.16,2026-05-02,2026-06-03
Brownie,Dessert,GCash,Cavite,Daniel,Cancelled,Walk-in,11,193.83,2132.13,2025-10-08,2026-02-09
Donut,Dessert,GCash,Manila,John,Pending,Walk-in,6,461.99,2771.94,2025-11-15,2026-03-26
Cheesecake,Cake,Debit Card,Laguna,Daniel,Pending,Walk-in,5,277.17,1385.85,2025-12-08,2026-03-19
Baguette,Bread,GCash,Manila,Maria,Completed,Walk-in,7,98.21,687.47,2026-02-13,2026-04-07
Baguette,Cake,Cash,Cavite,Sophia,Pending,Online,8,50.36,402.88,2026-02-19,2026-03-13
Cookies,Pastry,Cash,Batangas,John,Pending,Online,4,206.8,827.2,2026-03-14,2026-04-14
Cheesecake,Pastry,Credit Card,Cavite,Sophia,Cancelled,Online,4,293.74,1174.96,2025-10-10,2025-12-08
Croissant,Cake,Cash,Manila,James,Pending,Reseller,14,197.6,2766.4,2025-10-13,2026-01-23
Brownie,Dessert,GCash,Cavite,Alice,Completed,Reseller,15,113.27,1699.05,2025-10-12,2026-02-12
Brownie,Pastry,Credit Card,Manila,James,Cancelled,Online,7,352.61,2468.27,2025-10-18,2025-11-12
Cheesecake,Bread,Debit Card,Laguna,James,Completed,Walk-in,4,463.12,1852.48,2025-12-24,2026-03-19
Croissant,Dessert,Credit Card,Batangas,Alice,Pending,Walk-in,10,126.88,1268.8,2025-10-14,2026-01-28
Cupcake,Dessert,Credit Card,Laguna,John,Completed,Walk-in,2,367.3,734.6,2025-10-21,2026-01-03
Croissant,Dessert,Credit Card,Laguna,Alice,Cancelled,Online,14,423.39,5927.46,2025-07-01,2026-02-21
Cookies,Cake,Cash,Laguna,Daniel,Pending,Online,4,124.33,497.32,2025-11-19,2025-12-08
Cheesecake,Cake,Credit Card,Cavite,James,Cancelled,Walk-in,13,287.55,3738.15,2026-04-18,2026-05-23
Baguette,Bread,Credit Card,Manila,Sophia,Completed,Online,4,306.94,1227.76,2025-09-11,2025-10-26
Brownie,Pastry,Cash,Cavite,Sophia,Cancelled,Walk-in,9,471.58,4244.22,2025-08-15,2025-12-02
Cupcake,Pastry,Cash,Batangas,Daniel,Pending,Online,12,58.69,704.28,2026-01-30,2026-04-03
Croissant,Dessert,Credit Card,Laguna,James,Completed,Online,13,89.84,1167.92,2026-02-01,2026-03-18
Croissant,Pastry,Cash,Laguna,Maria,Pending,Walk-in,11,486.33,5349.63,2025-07-24,2026-01-07
Cookies,Dessert,Cash,Cavite,Maria,Cancelled,Walk-in,1,317.43,317.43,2026-04-15,2026-04-23
Cheesecake,Dessert,Debit Card,Laguna,Alice,Completed,Walk-in,13,75.05,975.65,2026-04-07,2026-04-10
Croissant,Bread,Debit Card,Cavite,James,Completed,Online,10,336.36,3363.6,2025-10-16,2026-01-26
Cheesecake,Bread,Cash,Cavite,James,Pending,Reseller,3,76.14,228.42,2025-12-07,2026-03-03
Cookies,Cake,Credit Card,Batangas,Daniel,Pending,Walk-in,8,460.09,3680.72,2025-05-24,2025-08-02
Brownie,Dessert,Debit Card,Batangas,Alice,Pending,Walk-in,4,189.48,757.92,2025-10-26,2026-06-07
Brownie,Dessert,Credit Card,Manila,Daniel,Pending,Walk-in,4,132.96,531.84,2025-10-21,2026-03-08
Baguette,Bread,Cash,Manila,Daniel,Completed,Walk-in,3,137.87,413.61,2025-10-23,2025-12-15
Cheesecake,Dessert,GCash,Manila,Maria,Completed,Online,14,473.79,6633.06,2026-04-13,2026-05-23
Baguette,Pastry,GCash,Manila,John,Pending,Walk-in,6,300.65,1803.9,2026-03-19,2026-06-03
Cookies,Dessert,Debit Card,Manila,Maria,Pending,Reseller,2,167.12,334.24,2026-04-01,2026-05-31
Baguette,Dessert,Cash,Cavite,Maria,Cancelled,Online,8,201.25,1610.0,2025-09-17,2025-11-02
Baguette,Dessert,GCash,Laguna,Daniel,Cancelled,Reseller,11,385.39,4239.29,2026-03-22,2026-06-12
Donut,Dessert,GCash,Manila,Daniel,Cancelled,Reseller,11,157.87,1736.57,2025-10-06,2026-04-19
Croissant,Pastry,Cash,Batangas,Alice,Completed,Walk-in,15,385.68,5785.2,2025-09-13,2025-11-05
Cupcake,Pastry,GCash,Cavite,Maria,Completed,Online,2,330.92,661.84,2026-04-26,2026-05-19
Donut,Dessert,GCash,Batangas,Daniel,Pending,Online,9,56.38,507.42,2026-03-27,2026-04-07
Cookies,Cake,Cash,Cavite,Maria,Completed,Online,11,159.42,1753.62,2026-03-13,2026-04-18
Cupcake,Cake,GCash,Laguna,Alice,Cancelled,Online,13,470.64,6118.32,2026-01-25,2026-06-11
Baguette,Pastry,Debit Card,Manila,Sophia,Cancelled,Walk-in,13,451.47,5869.11,2026-03-15,2026-04-26
Cupcake,Pastry,Credit Card,Cavite,James,Completed,Online,12,338.41,4060.92,2026-03-03,2026-05-24
Croissant,Pastry,Debit Card,Batangas,John,Pending,Online,5,178.26,891.3,2025-10-16,2026-06-05
Croissant,Pastry,Debit Card,Batangas,Maria,Completed,Reseller,9,255.26,2297.34,2026-04-09,2026-05-12
Croissant,Bread,GCash,Cavite,Alice,Pending,Reseller,8,113.61,908.88,2025-11-04,2026-04-21
Cookies,Bread,Credit Card,Laguna,Alice,Cancelled,Walk-in,8,383.82,3070.56,2025-07-28,2025-09-05
Cookies,Pastry,Debit Card,Manila,Daniel,Cancelled,Online,1,171.38,171.38,2025-07-17,2026-01-08
Brownie,Bread,GCash,Manila,Maria,Cancelled,Reseller,8,339.4,2715.2,2025-07-15,2025-11-10
Baguette,Dessert,GCash,Laguna,Maria,Cancelled,Walk-in,7,318.87,2232.09,2025-09-14,2026-03-02
Donut,Bread,GCash,Laguna,Daniel,Completed,Walk-in,12,436.35,5236.2,2025-06-14,2026-02-11
Croissant,Pastry,Credit Card,Cavite,Sophia,Cancelled,Reseller,6,271.12,1626.72,2026-03-01,2026-05-05
Baguette,Cake,GCash,Manila,James,Completed,Reseller,14,250.74,3510.36,2026-04-24,2026-05-23
Baguette,Bread,GCash,Batangas,John,Pending,Walk-in,10,119.78,1197.8,2026-04-04,2026-04-27
Cookies,Pastry,Debit Card,Laguna,John,Pending,Reseller,9,431.26,3881.34,2026-02-06,2026-05-23
Cookies,Cake,Cash,Cavite,Maria,Pending,Online,13,492.12,6397.56,2025-11-10,2025-12-06
Croissant,Pastry,Cash,Batangas,James,Cancelled,Online,2,252.12,504.24,2026-05-08,2026-05-23
Cookies,Bread,Credit Card,Manila,John,Cancelled,Walk-in,3,155.3,465.9,2025-08-11,2025-12-16
Cookies,Cake,Debit Card,Laguna,James,Pending,Walk-in,12,89.22,1070.64,2026-02-21,2026-04-01
Cupcake,Bread,GCash,Manila,James,Cancelled,Online,3,497.49,1492.47,2025-11-23,2025-12-30
Donut,Pastry,Credit Card,Batangas,Maria,Cancelled,Reseller,11,424.14,4665.54,2026-03-12,2026-04-26
Cupcake,Pastry,Credit Card,Laguna,Daniel,Cancelled,Online,3,99.08,297.24,2025-06-12,2025-07-13
Brownie,Bread,Credit Card,Batangas,Maria,Completed,Walk-in,11,493.02,5423.22,2025-07-03,2025-07-18
Croissant,Pastry,Credit Card,Manila,James,Completed,Online,2,245.49,490.98,2025-06-18,2026-05-18
Donut,Pastry,GCash,Cavite,Alice,Pending,Reseller,1,275.96,275.96,2026-05-08,2026-05-08
Brownie,Pastry,Debit Card,Manila,James,Pending,Walk-in,8,478.7,3829.6,2025-12-05,2025-12-27
Cookies,Pastry,Debit Card,Laguna,Maria,Cancelled,Online,12,374.22,4490.64,2025-11-11,2026-02-27
Croissant,Pastry,GCash,Cavite,Daniel,Cancelled,Reseller,9,363.05,3267.45,2025-11-02,2026-04-01
Cookies,Bread,GCash,Cavite,James,Pending,Online,10,80.84,808.4,2025-12-23,2026-04-21
Brownie,Cake,Cash,Batangas,John,Cancelled,Online,10,216.65,2166.5,2025-11-03,2026-06-13
Baguette,Cake,GCash,Laguna,John,Completed,Reseller,9,480.91,4328.19,2025-08-04,2025-08-11
Cupcake,Bread,GCash,Laguna,Maria,Completed,Online,9,430.11,3870.99,2025-07-17,2026-05-19
Cheesecake,Dessert,Debit Card,Cavite,Maria,Cancelled,Online,8,277.83,2222.64,2026-03-21,2026-05-03
Croissant,Cake,Debit Card,Manila,Daniel,Cancelled,Online,15,308.4,4626.0,2026-02-08,2026-03-22
Cookies,Cake,Credit Card,Laguna,Alice,Pending,Online,5,445.78,2228.9,2025-06-15,2026-02-28
Cupcake,Cake,GCash,Manila,James,Completed,Reseller,1,428.67,428.67,2025-11-28,2026-02-01
Brownie,Pastry,GCash,Manila,Alice,Pending,Walk-in,1,132.26,132.26,2026-03-06,2026-04-16
Brownie,Bread,Credit Card,Manila,James,Cancelled,Walk-in,2,287.63,575.26,2025-07-23,2025-08-27
Cupcake,Dessert,GCash,Manila,Sophia,Pending,Reseller,3,348.98,1046.94,2025-08-25,2025-12-19
Cheesecake,Cake,GCash,Laguna,Daniel,Cancelled,Online,12,51.19,614.28,2025-10-12,2025-10-21
Cheesecake,Bread,GCash,Manila,Sophia,Cancelled,Reseller,4,122.62,490.48,2025-10-20,2026-04-14
Brownie,Dessert,GCash,Laguna,Maria,Cancelled,Walk-in,11,196.97,2166.67,2025-12-22,2026-05-27
Cheesecake,Pastry,GCash,Laguna,Alice,Pending,Reseller,12,376.31,4515.72,2026-01-23,2026-04-17
Croissant,Pastry,GCash,Batangas,Sophia,Pending,Online,1,324.47,324.47,2025-12-20,2026-05-06
Cupcake,Bread,GCash,Laguna,Daniel,Completed,Walk-in,1,312.81,312.81,2025-07-19,2025-08-05
Baguette,Cake,GCash,Cavite,John,Completed,Reseller,9,362.41,3261.69,2025-06-06,2025-08-02
Croissant,Dessert,GCash,Laguna,Daniel,Cancelled,Reseller,14,105.51,1477.14,2025-07-05,2025-11-18
Cheesecake,Dessert,Debit Card,Cavite,Sophia,Pending,Online,10,445.8,4458.0,2025-11-16,2026-01-30
Cookies,Pastry,Debit Card,Batangas,James,Completed,Walk-in,2,81.0,162.0,2025-07-21,2026-02-14
Cheesecake,Bread,Debit Card,Manila,Alice,Pending,Online,13,344.14,4473.82,2025-11-14,2025-12-04
Cupcake,Pastry,Credit Card,Laguna,Maria,Cancelled,Online,13,313.3,4072.9,2025-08-29,2025-12-14
Brownie,Cake,Cash,Laguna,James,Pending,Online,5,218.45,1092.25,2025-05-25,2025-08-04
Cheesecake,Cake,Credit Card,Manila,Sophia,Cancelled,Reseller,13,312.81,4066.53,2026-04-08,2026-04-28
Croissant,Cake,Debit Card,Cavite,Maria,Pending,Reseller,13,391.86,5094.18,2025-09-25,2026-01-24
Brownie,Dessert,Cash,Cavite,John,Cancelled,Walk-in,14,454.81,6367.34,2026-04-06,2026-05-18
Croissant,Bread,Debit Card,Laguna,Sophia,Completed,Walk-in,11,446.89,4915.79,2025-06-21,2026-04-04
Baguette,Pastry,GCash,Batangas,Daniel,Completed,Reseller,11,409.26,4501.86,2025-08-18,2026-05-09
Cheesecake,Cake,Debit Card,Laguna,John,Completed,Reseller,6,493.38,2960.28,2026-01-29,2026-05-02
Cupcake,Bread,Debit Card,Cavite,Daniel,Completed,Walk-in,13,64.38,836.94,2025-08-27,2025-10-24
Cupcake,Cake,GCash,Laguna,Maria,Pending,Online,7,376.35,2634.45,2025-11-14,2026-02-07
Donut,Pastry,Credit Card,Batangas,John,Completed,Walk-in,10,459.01,4590.1,2025-05-16,2025-11-28
Cookies,Bread,Cash,Laguna,John,Completed,Reseller,8,98.48,787.84,2025-09-23,2026-04-28
Baguette,Bread,Credit Card,Batangas,James,Pending,Reseller,3,182.47,547.41,2025-06-08,2025-12-04
Cheesecake,Dessert,Debit Card,Manila,John,Pending,Online,2,414.62,829.24,2026-04-16,2026-05-12
Cookies,Bread,Debit Card,Batangas,Sophia,Cancelled,Online,8,243.93,1951.44,2025-11-02,2025-11-12
Baguette,Dessert,Credit Card,Batangas,Alice,Cancelled,Walk-in,12,424.53,5094.36,2025-08-03,2026-02-25
Baguette,Cake,Credit Card,Laguna,John,Completed,Online,4,298.58,1194.32,2025-10-06,2026-01-25
Cupcake,Bread,GCash,Batangas,James,Completed,Reseller,14,61.52,861.28,2025-10-03,2025-12-31
Cookies,Bread,Cash,Cavite,John,Completed,Walk-in,11,338.37,3722.07,2025-08-08,2026-06-07
Donut,Bread,Credit Card,Cavite,Alice,Completed,Online,12,304.74,3656.88,2025-11-25,2026-03-04
Brownie,Cake,GCash,Manila,James,Cancelled,Reseller,3,212.46,637.38,2025-06-02,2025-11-18
Baguette,Dessert,Cash,Cavite,Alice,Pending,Online,14,301.83,4225.62,2025-12-04,2026-01-03
Cheesecake,Cake,Debit Card,Batangas,Alice,Pending,Walk-in,1,260.58,260.58,2026-05-05,2026-05-18
Cookies,Cake,Credit Card,Batangas,John,Completed,Online,5,186.77,933.85,2025-10-03,2026-03-09
Cheesecake,Cake,GCash,Manila,James,Pending,Walk-in,12,411.12,4933.44,2025-09-20,2026-05-04
Cheesecake,Dessert,Cash,Batangas,James,Cancelled,Walk-in,2,410.62,821.24,2025-07-01,2025-08-07
Cheesecake,Cake,Credit Card,Batangas,Sophia,Pending,Reseller,5,438.58,2192.9,2025-07-18,2026-06-01
Cupcake,Pastry,Credit Card,Manila,Maria,Cancelled,Walk-in,3,302.14,906.42,2026-03-16,2026-03-27
Cheesecake,Cake,Cash,Laguna,Maria,Pending,Walk-in,3,63.9,191.7,2026-03-27,2026-06-12
Donut,Dessert,Cash,Manila,Alice,Pending,Online,15,387.89,5818.35,2026-01-13,2026-02-20
Croissant,Dessert,Debit Card,Manila,Daniel,Pending,Online,15,405.32,6079.8,2025-07-25,2026-03-03
Cookies,Dessert,Debit Card,Manila,John,Cancelled,Reseller,11,456.07,5016.77,2026-01-16,2026-03-10
Cupcake,Bread,Debit Card,Cavite,Alice,Completed,Reseller,10,130.82,1308.2,2026-05-12,2026-05-28
Cookies,Bread,Cash,Manila,Sophia,Pending,Online,7,277.04,1939.28,2026-01-02,2026-01-06
Brownie,Dessert,Debit Card,Manila,Sophia,Completed,Walk-in,2,206.27,412.54,2026-03-21,2026-04-25
Cheesecake,Pastry,Cash,Batangas,Alice,Completed,Reseller,15,374.34,5615.1,2026-03-16,2026-04-22
Croissant,Pastry,Credit Card,Manila,Alice,Pending,Reseller,3,256.88,770.64,2025-06-28,2025-09-16
Brownie,Dessert,Credit Card,Manila,Daniel,Cancelled,Reseller,8,137.08,1096.64,2026-02-12,2026-05-17
Cookies,Cake,Cash,Manila,Sophia,Cancelled,Reseller,3,437.83,1313.49,2025-09-15,2026-03-27
Donut,Pastry,Cash,Manila,Maria,Pending,Online,13,168.75,2193.75,2025-10-14,2026-03-09
Baguette,Pastry,Credit Card,Cavite,Alice,Cancelled,Walk-in,14,307.32,4302.48,2026-05-06,2026-06-06
Donut,Pastry,Credit Card,Cavite,Alice,Cancelled,Online,1,64.03,64.03,2025-11-28,2026-01-18
Brownie,Dessert,Credit Card,Batangas,Daniel,Cancelled,Online,12,200.98,2411.76,2026-01-04,2026-03-26
Baguette,Dessert,Debit Card,Batangas,Daniel,Completed,Walk-in,5,439.03,2195.15,2025-12-03,2026-04-30
Brownie,Pastry,Cash,Batangas,Alice,Completed,Online,5,317.2,1586.0,2025-05-18,2026-04-13
Cookies,Pastry,Credit Card,Cavite,Sophia,Pending,Online,13,238.68,3102.84,2026-03-25,2026-04-05
Cheesecake,Dessert,Cash,Batangas,Daniel,Cancelled,Reseller,11,273.14,3004.54,2026-02-17,2026-05-13
Brownie,Dessert,Credit Card,Manila,Daniel,Pending,Reseller,7,190.34,1332.38,2025-11-07,2026-01-18
Brownie,Pastry,Cash,Manila,James,Cancelled,Online,3,485.77,1457.31,2025-12-22,2026-04-11
Cupcake,Bread,Credit Card,Batangas,Daniel,Pending,Reseller,2,397.28,794.56,2025-10-19,2026-05-02
Croissant,Dessert,Cash,Batangas,Sophia,Cancelled,Walk-in,3,165.53,496.59,2025-06-20,2025-12-17
Cheesecake,Dessert,GCash,Cavite,Maria,Completed,Online,11,468.26,5150.86,2025-11-06,2026-05-04
Croissant,Cake,Credit Card,Manila,John,Pending,Walk-in,7,121.09,847.63,2025-05-27,2025-11-09
Baguette,Cake,Cash,Batangas,Maria,Pending,Walk-in,12,72.49,869.88,2026-03-01,2026-04-15
Cupcake,Cake,Credit Card,Manila,James,Pending,Walk-in,15,270.79,4061.85,2025-12-27,2026-03-11
Baguette,Pastry,Cash,Laguna,John,Pending,Online,5,242.79,1213.95,2026-02-27,2026-03-09
Cookies,Cake,Credit Card,Manila,Daniel,Completed,Walk-in,9,55.71,501.39,2025-11-13,2026-05-31
Baguette,Dessert,Cash,Laguna,Alice,Pending,Reseller,4,188.88,755.52,2026-04-25,2026-06-11
Cheesecake,Dessert,GCash,Manila,Maria,Completed,Online,14,271.45,3800.3,2025-11-22,2026-04-09
Cupcake,Pastry,Credit Card,Laguna,Sophia,Completed,Reseller,1,374.29,374.29,2025-11-05,2026-01-30
Baguette,Dessert,Debit Card,Manila,John,Cancelled,Reseller,8,76.47,611.76,2025-08-29,2025-08-29
Donut,Dessert,GCash,Batangas,Daniel,Pending,Walk-in,5,259.27,1296.35,2025-12-16,2026-01-22
Cookies,Pastry,Cash,Manila,Sophia,Pending,Online,11,240.62,2646.82,2025-08-04,2026-04-07
Donut,Bread,Debit Card,Cavite,Maria,Completed,Reseller,13,113.09,1470.17,2025-08-07,2025-08-14
Cupcake,Bread,Cash,Laguna,James,Pending,Reseller,5,140.46,702.3,2026-05-08,2026-06-10
Baguette,Bread,Credit Card,Laguna,Sophia,Completed,Reseller,11,452.77,4980.47,2025-09-29,2026-03-09
Croissant,Pastry,Debit Card,Laguna,Alice,Cancelled,Reseller,14,95.69,1339.66,2026-04-08,2026-05-23
Baguette,Bread,GCash,Laguna,John,Cancelled,Walk-in,3,451.94,1355.82,2026-02-07,2026-04-10
Baguette,Bread,Cash,Cavite,John,Pending,Reseller,15,397.23,5958.45,2025-07-23,2026-01-01
Croissant,Cake,GCash,Batangas,John,Cancelled,Online,10,259.11,2591.1,2026-03-30,2026-05-19
Cheesecake,Pastry,Cash,Manila,James,Pending,Reseller,1,282.61,282.61,2026-04-22,2026-05-31
Baguette,Pastry,Credit Card,Manila,Maria,Pending,Walk-in,2,470.8,941.6,2025-08-07,2025-11-25
Cupcake,Dessert,Debit Card,Batangas,Maria,Cancelled,Walk-in,3,237.25,711.75,2026-01-22,2026-03-29
Cheesecake,Dessert,Cash,Cavite,John,Pending,Online,5,479.5,2397.5,2025-12-09,2026-03-21
Cookies,Dessert,Debit Card,Manila,Daniel,Completed,Walk-in,15,473.66,7104.9,2025-07-25,2026-05-04
Brownie,Dessert,GCash,Cavite,Maria,Completed,Walk-in,2,201.31,402.62,2026-04-04,2026-05-05
Baguette,Dessert,Cash,Laguna,Alice,Cancelled,Reseller,11,403.38,4437.18,2026-03-05,2026-03-09
Cheesecake,Dessert,Credit Card,Batangas,James,Completed,Reseller,10,374.7,3747.0,2025-12-15,2026-02-10
Baguette,Pastry,GCash,Cavite,James,Cancelled,Online,10,317.37,3173.7,2025-06-11,2025-12-19
Cheesecake,Dessert,Credit Card,Manila,James,Pending,Reseller,11,298.62,3284.82,2026-05-12,2026-05-20
Cheesecake,Bread,Credit Card,Batangas,Alice,Cancelled,Reseller,3,255.91,767.73,2025-06-04,2026-06-07
Brownie,Dessert,Credit Card,Laguna,John,Cancelled,Reseller,14,107.42,1503.88,2025-09-08,2025-11-06
Cheesecake,Pastry,Cash,Laguna,Maria,Completed,Reseller,3,389.49,1168.47,2025-10-08,2026-04-20
Cheesecake,Bread,GCash,Batangas,Alice,Completed,Online,5,150.85,754.25,2025-09-21,2025-10-08
Baguette,Cake,Credit Card,Batangas,Daniel,Cancelled,Reseller,6,261.28,1567.68,2025-07-31,2026-01-22
Cupcake,Dessert,Credit Card,Manila,John,Completed,Online,2,482.91,965.82,2025-12-01,2026-04-10
Donut,Pastry,Cash,Batangas,John,Completed,Walk-in,4,119.09,476.36,2026-01-23,2026-04-10
Cupcake,Cake,GCash,Laguna,Sophia,Pending,Reseller,8,217.38,1739.04,2026-02-23,2026-06-07
Brownie,Cake,Credit Card,Batangas,Sophia,Cancelled,Reseller,12,165.23,1982.76,2026-03-25,2026-06-11
Croissant,Bread,Credit Card,Batangas,Alice,Cancelled,Walk-in,11,75.36,828.96,2025-10-08,2026-03-04
Baguette,Cake,GCash,Manila,James,Pending,Reseller,10,457.39,4573.9,2026-05-09,2026-05-29
Cupcake,Bread,Credit Card,Batangas,Maria,Pending,Walk-in,9,283.68,2553.12,2025-12-27,2026-02-05
Donut,Dessert,Cash,Laguna,Alice,Cancelled,Reseller,4,328.7,1314.8,2026-03-01,2026-04-19
Donut,Bread,Credit Card,Laguna,Maria,Cancelled,Reseller,7,406.71,2846.97,2025-06-03,2025-09-14
Cheesecake,Bread,Debit Card,Batangas,Daniel,Cancelled,Walk-in,13,110.43,1435.59,2025-08-16,2026-04-27
Donut,Cake,Cash,Cavite,Sophia,Pending,Walk-in,15,319.66,4794.9,2025-10-20,2026-04-09
Cheesecake,Dessert,Debit Card,Batangas,Alice,Pending,Reseller,14,302.24,4231.36,2025-08-31,2026-03-06
Cookies,Cake,Cash,Laguna,Daniel,Cancelled,Reseller,14,87.77,1228.78,2026-01-23,2026-05-26
Donut,Dessert,GCash,Cavite,James,Pending,Walk-in,7,350.72,2455.04,2025-11-18,2026-01-05
Baguette,Cake,GCash,Manila,James,Pending,Reseller,1,109.97,109.97,2025-09-03,2025-10-14
Cupcake,Cake,Debit Card,Laguna,James,Pending,Reseller,1,389.49,389.49,2025-06-11,2025-07-28
Cookies,Dessert,Cash,Laguna,Daniel,Completed,Walk-in,10,176.76,1767.6,2025-05-14,2026-04-21
Cheesecake,Pastry,Cash,Manila,John,Completed,Online,12,226.43,2717.16,2026-04-30,2026-05-21
Donut,Bread,Debit Card,Manila,Sophia,Cancelled,Walk-in,14,364.38,5101.32,2026-05-06,2026-05-29
Cupcake,Dessert,Credit Card,Cavite,Daniel,Cancelled,Online,9,223.04,2007.36,2026-02-24,2026-02-28
Croissant,Cake,GCash,Batangas,John,Completed,Walk-in,9,410.3,3692.7,2026-01-23,2026-03-05
Cheesecake,Bread,Cash,Batangas,Alice,Cancelled,Walk-in,5,398.32,1991.6,2025-10-07,2026-05-03
Donut,Bread,Cash,Batangas,Alice,Cancelled,Walk-in,7,485.33,3397.31,2025-08-17,2026-05-22
Baguette,Bread,Credit Card,Cavite,Alice,Pending,Walk-in,14,215.02,3010.28,2025-10-09,2026-04-05
Cookies,Pastry,Credit Card,Manila,James,Cancelled,Walk-in,10,193.59,1935.9,2025-10-28,2026-05-28
Croissant,Dessert,GCash,Manila,Alice,Completed,Reseller,10,486.24,4862.4,2026-03-19,2026-04-20
Brownie,Bread,Cash,Cavite,John,Cancelled,Reseller,1,203.8,203.8,2026-02-16,2026-03-03
Cookies,Dessert,GCash,Laguna,Maria,Completed,Reseller,14,460.35,6444.9,2025-07-12,2025-09-25
Donut,Bread,Debit Card,Laguna,James,Cancelled,Walk-in,7,489.03,3423.21,2025-10-05,2025-12-30
Cupcake,Pastry,Cash,Batangas,John,Pending,Walk-in,15,398.25,5973.75,2025-12-22,2026-03-26
Croissant,Bread,GCash,Batangas,John,Completed,Online,12,256.57,3078.84,2025-05-17,2026-05-22
Cupcake,Bread,Cash,Laguna,Alice,Completed,Reseller,2,323.67,647.34,2026-01-21,2026-02-28
Donut,Pastry,Debit Card,Cavite,John,Cancelled,Online,15,193.91,2908.65,2025-10-25,2026-04-06
Brownie,Cake,Debit Card,Cavite,John,Completed,Reseller,15,75.72,1135.8,2026-03-14,2026-03-28
Croissant,Dessert,Cash,Laguna,Daniel,Cancelled,Online,5,280.43,1402.15,2025-09-25,2025-10-01
Cupcake,Dessert,Debit Card,Batangas,James,Completed,Reseller,9,429.17,3862.53,2025-11-05,2026-03-09
Cheesecake,Cake,Debit Card,Laguna,Daniel,Completed,Online,10,426.77,4267.7,2025-11-19,2026-04-15
Cheesecake,Pastry,Credit Card,Laguna,Maria,Cancelled,Reseller,14,195.5,2737.0,2025-10-09,2026-05-03
Cheesecake,Dessert,Cash,Batangas,Maria,Pending,Online,4,488.4,1953.6,2025-08-28,2026-04-28
Cheesecake,Bread,Cash,Laguna,Daniel,Cancelled,Online,4,61.8,247.2,2026-02-16,2026-05-17
Croissant,Cake,Debit Card,Manila,James,Cancelled,Online,14,254.94,3569.16,2026-03-13,2026-05-28
Cookies,Cake,Cash,Laguna,John,Pending,Walk-in,4,110.56,442.24,2026-03-20,2026-04-08
Baguette,Bread,Credit Card,Manila,John,Cancelled,Walk-in,1,302.7,302.7,2026-02-11,2026-04-17
Cookies,Dessert,Cash,Cavite,Sophia,Completed,Online,5,437.66,2188.3,2026-04-18,2026-05-20
Cupcake,Dessert,Debit Card,Laguna,Maria,Completed,Online,13,349.31,4541.03,2026-01-06,2026-02-28
Cupcake,Dessert,Credit Card,Batangas,John,Pending,Reseller,15,193.51,2902.65,2025-07-09,2026-01-07
Donut,Pastry,Credit Card,Laguna,Maria,Completed,Walk-in,14,258.56,3619.84,2026-03-06,2026-05-31
Croissant,Cake,Cash,Laguna,Daniel,Completed,Online,13,292.11,3797.43,2025-07-20,2026-03-03
Brownie,Cake,Debit Card,Cavite,Sophia,Completed,Online,2,93.59,187.18,2025-09-30,2026-03-27
Croissant,Pastry,Debit Card,Manila,Sophia,Pending,Online,7,71.76,502.32,2025-12-14,2026-01-28
Brownie,Pastry,Debit Card,Cavite,Daniel,Cancelled,Reseller,1,57.53,57.53,2025-08-06,2026-04-30
Brownie,Pastry,GCash,Manila,Daniel,Pending,Reseller,13,145.38,1889.94,2026-02-10,2026-04-29
Croissant,Cake,Credit Card,Manila,Sophia,Pending,Reseller,11,362.89,3991.79,2026-04-02,2026-05-04
Cheesecake,Cake,Debit Card,Laguna,Maria,Cancelled,Walk-in,14,472.27,6611.78,2026-03-24,2026-05-27
Croissant,Dessert,Debit Card,Manila,Sophia,Completed,Walk-in,1,243.79,243.79,2025-07-02,2026-02-19
Donut,Pastry,Cash,Manila,Alice,Cancelled,Walk-in,7,384.11,2688.77,2025-12-06,2026-02-19
Baguette,Pastry,Credit Card,Batangas,Alice,Cancelled,Online,9,439.54,3955.86,2026-01-14,2026-02-15
Cookies,Cake,Cash,Laguna,Maria,Completed,Online,14,381.19,5336.66,2025-09-28,2026-03-14
Croissant,Bread,Debit Card,Cavite,Daniel,Completed,Online,6,449.45,2696.7,2025-12-24,2026-05-20
Baguette,Cake,Cash,Laguna,James,Completed,Reseller,13,480.41,6245.33,2025-07-31,2025-09-12
Brownie,Bread,Debit Card,Batangas,Alice,Pending,Walk-in,9,467.37,4206.33,2025-09-13,2026-01-25
Croissant,Bread,Cash,Cavite,Sophia,Cancelled,Walk-in,1,453.5,453.5,2025-12-16,2026-01-12
Cookies,Cake,Credit Card,Laguna,Daniel,Completed,Reseller,15,192.94,2894.1,2025-12-27,2026-01-27
Croissant,Pastry,GCash,Cavite,John,Cancelled,Online,4,487.01,1948.04,2025-06-06,2025-11-19
Croissant,Pastry,GCash,Batangas,Sophia,Cancelled,Walk-in,12,139.4,1672.8,2025-11-11,2026-04-08
Brownie,Dessert,GCash,Cavite,Daniel,Pending,Walk-in,5,351.86,1759.3,2026-03-09,2026-05-04
Brownie,Cake,Cash,Manila,Daniel,Pending,Walk-in,6,236.47,1418.82,2026-02-23,2026-03-12
Brownie,Cake,Debit Card,Cavite,Daniel,Pending,Reseller,5,197.5,987.5,2025-11-03,2026-05-15
Croissant,Pastry,Debit Card,Laguna,Sophia,Completed,Reseller,5,495.19,2475.95,2026-01-02,2026-01-26
Donut,Dessert,Credit Card,Batangas,Daniel,Pending,Walk-in,9,280.14,2521.26,2026-01-18,2026-03-25
Baguette,Dessert,Cash,Laguna,Daniel,Completed,Reseller,7,96.22,673.54,2025-06-14,2025-11-05
Cupcake,Dessert,Credit Card,Cavite,Sophia,Cancelled,Online,7,382.52,2677.64,2025-09-27,2026-05-30
Croissant,Dessert,GCash,Laguna,Sophia,Pending,Online,3,252.76,758.28,2026-03-05,2026-04-06
Cheesecake,Dessert,GCash,Cavite,Alice,Completed,Reseller,1,276.13,276.13,2025-11-11,2026-05-05
Baguette,Cake,Cash,Cavite,James,Completed,Walk-in,13,197.06,2561.78,2025-11-17,2026-03-29
Cheesecake,Bread,Cash,Cavite,Maria,Pending,Online,7,499.83,3498.81,2026-02-14,2026-03-22
Cookies,Cake,Credit Card,Cavite,Sophia,Pending,Online,11,65.36,718.96,2025-07-28,2026-04-04
Brownie,Bread,Credit Card,Cavite,Sophia,Completed,Reseller,11,496.95,5466.45,2026-04-02,2026-05-27
Baguette,Cake,Credit Card,Cavite,James,Completed,Online,10,250.66,2506.6,2025-09-10,2025-11-07
Croissant,Bread,GCash,Laguna,James,Pending,Walk-in,14,429.8,6017.2,2025-08-09,2026-01-01
Cupcake,Pastry,GCash,Manila,James,Completed,Walk-in,15,450.71,6760.65,2025-07-01,2026-03-12
Baguette,Dessert,Debit Card,Laguna,Maria,Cancelled,Reseller,1,81.75,81.75,2026-03-21,2026-05-10
Donut,Pastry,Cash,Batangas,Alice,Cancelled,Online,7,338.64,2370.48,2025-06-29,2025-08-03
Croissant,Bread,GCash,Manila,Daniel,Cancelled,Online,7,326.98,2288.86,2026-02-20,2026-03-21
Cupcake,Bread,Credit Card,Manila,Alice,Cancelled,Walk-in,4,245.1,980.4,2026-03-03,2026-04-18
Cupcake,Bread,Cash,Laguna,Maria,Completed,Online,14,489.53,6853.42,2025-11-05,2026-02-14
Cupcake,Pastry,Debit Card,Batangas,Sophia,Completed,Reseller,13,121.28,1576.64,2025-06-12,2025-09-29
Cookies,Bread,Debit Card,Laguna,Sophia,Completed,Online,1,412.48,412.48,2026-04-25,2026-05-18
Cheesecake,Bread,Cash,Laguna,Sophia,Pending,Reseller,11,470.8,5178.8,2025-07-06,2025-09-15
Cookies,Bread,Credit Card,Batangas,Sophia,Cancelled,Walk-in,1,473.72,473.72,2025-08-31,2025-10-15
Brownie,Bread,Cash,Manila,Sophia,Cancelled,Reseller,2,363.63,727.26,2026-01-29,2026-01-30
Cheesecake,Pastry,Credit Card,Batangas,Daniel,Cancelled,Walk-in,5,466.65,2333.25,2026-02-16,2026-03-21
Brownie,Dessert,Cash,Laguna,Sophia,Pending,Reseller,3,202.08,606.24,2026-03-17,2026-05-31
Cookies,Bread,GCash,Manila,Alice,Completed,Online,4,410.64,1642.56,2025-06-17,2025-09-16
Donut,Cake,GCash,Manila,Alice,Completed,Reseller,15,469.73,7045.95,2026-01-16,2026-04-01
Baguette,Bread,GCash,Manila,John,Pending,Walk-in,6,98.15,588.9,2026-05-11,2026-06-11
Cupcake,Bread,Debit Card,Laguna,James,Pending,Online,6,185.53,1113.18,2026-02-06,2026-04-08
Brownie,Dessert,GCash,Batangas,John,Completed,Walk-in,3,150.93,452.79,2025-10-23,2026-04-23
Croissant,Dessert,GCash,Batangas,John,Cancelled,Reseller,2,101.95,203.9,2025-10-04,2025-12-03
Croissant,Cake,GCash,Cavite,Sophia,Cancelled,Walk-in,10,388.01,3880.1,2026-01-30,2026-03-20
Croissant,Dessert,Credit Card,Cavite,Maria,Cancelled,Reseller,1,54.43,54.43,2025-05-29,2025-06-15
Brownie,Dessert,Credit Card,Manila,Sophia,Pending,Online,6,91.51,549.06,2026-04-14,2026-06-02
Cheesecake,Cake,Credit Card,Batangas,Maria,Cancelled,Reseller,4,355.62,1422.48,2025-10-11,2025-12-17
Cheesecake,Dessert,Debit Card,Batangas,Sophia,Pending,Walk-in,7,223.48,1564.36,2025-06-12,2025-11-28
Cupcake,Bread,Debit Card,Manila,Alice,Pending,Online,3,230.38,691.14,2025-10-13,2026-02-18
Cookies,Cake,Debit Card,Cavite,Sophia,Pending,Reseller,9,277.77,2499.93,2025-12-03,2026-06-13
Croissant,Pastry,Cash,Manila,Sophia,Pending,Online,10,394.89,3948.9,2026-03-10,2026-05-24
Cookies,Cake,GCash,Batangas,Daniel,Completed,Online,10,459.98,4599.8,2025-09-04,2025-11-04
Cookies,Bread,Debit Card,Cavite,James,Completed,Online,3,262.23,786.69,2026-01-21,2026-02-12
Cupcake,Bread,Debit Card,Laguna,Sophia,Pending,Walk-in,4,324.11,1296.44,2026-04-30,2026-05-09
Brownie,Pastry,Credit Card,Batangas,Maria,Completed,Reseller,1,477.49,477.49,2025-07-28,2025-11-08
Croissant,Dessert,Credit Card,Manila,John,Completed,Reseller,6,457.85,2747.1,2026-01-22,2026-06-13
Brownie,Bread,GCash,Cavite,Sophia,Completed,Online,8,443.37,3546.96,2026-02-21,2026-03-28
Cupcake,Cake,Credit Card,Cavite,John,Cancelled,Online,1,293.17,293.17,2025-05-28,2025-12-17
Cupcake,Cake,GCash,Laguna,Sophia,Cancelled,Online,7,119.68,837.76,2025-11-18,2026-04-06
Cupcake,Bread,GCash,Laguna,Alice,Cancelled,Online,1,103.42,103.42,2026-01-12,2026-04-14
Baguette,Dessert,Cash,Cavite,James,Cancelled,Walk-in,1,402.11,402.11,2025-05-25,2026-06-08
Baguette,Bread,Cash,Laguna,James,Completed,Online,6,115.41,692.46,2025-08-14,2025-12-17
Brownie,Cake,GCash,Laguna,Maria,Cancelled,Reseller,7,196.65,1376.55,2025-07-16,2026-06-07
Donut,Pastry,GCash,Batangas,Daniel,Completed,Online,1,67.47,67.47,2026-02-25,2026-05-22
Donut,Bread,Credit Card,Cavite,Maria,Pending,Reseller,10,498.79,4987.9,2026-01-14,2026-06-05
Brownie,Cake,Debit Card,Cavite,Alice,Pending,Online,5,122.42,612.1,2026-01-06,2026-04-13
Croissant,Cake,Cash,Batangas,Alice,Completed,Walk-in,6,254.75,1528.5,2026-02-25,2026-03-02
Baguette,Pastry,Debit Card,Laguna,John,Cancelled,Walk-in,7,235.33,1647.31,2026-05-08,2026-06-12
Croissant,Dessert,Cash,Laguna,Daniel,Cancelled,Walk-in,15,451.13,6766.95,2026-01-19,2026-02-27
Donut,Dessert,Cash,Batangas,Maria,Pending,Online,2,273.71,547.42,2025-12-23,2026-02-10
Brownie,Dessert,Cash,Manila,John,Completed,Walk-in,6,489.74,2938.44,2025-07-23,2026-03-13
Cookies,Bread,Debit Card,Laguna,John,Completed,Walk-in,10,373.3,3733.0,2026-04-15,2026-05-13
Brownie,Pastry,Debit Card,Laguna,Sophia,Cancelled,Online,8,279.59,2236.72,2025-06-30,2026-04-21
Cookies,Pastry,Debit Card,Batangas,Maria,Pending,Online,14,228.66,3201.24,2026-02-25,2026-05-18
Cookies,Pastry,Debit Card,Manila,Maria,Pending,Online,5,228.83,1144.15,2025-09-28,2026-04-09
Brownie,Dessert,Cash,Cavite,John,Completed,Reseller,10,254.05,2540.5,2026-03-22,2026-04-01
Donut,Bread,Credit Card,Cavite,James,Pending,Reseller,14,212.01,2968.14,2026-03-19,2026-05-14
Baguette,Pastry,Debit Card,Cavite,James,Completed,Online,7,61.29,429.03,2026-03-12,2026-05-27
Croissant,Cake,GCash,Manila,Daniel,Pending,Walk-in,14,357.24,5001.36,2025-10-16,2026-02-04
Baguette,Dessert,GCash,Laguna,John,Completed,Reseller,8,133.6,1068.8,2025-09-10,2026-01-23
Cookies,Dessert,Credit Card,Laguna,John,Completed,Reseller,5,450.43,2252.15,2025-08-24,2026-03-16
Baguette,Bread,GCash,Batangas,Daniel,Completed,Online,3,277.48,832.44,2025-05-15,2025-09-14
Croissant,Dessert,Credit Card,Laguna,James,Cancelled,Online,14,492.16,6890.24,2025-09-13,2026-03-13
Cheesecake,Dessert,GCash,Manila,Maria,Cancelled,Online,1,135.93,135.93,2025-12-18,2026-04-02
Croissant,Bread,Credit Card,Cavite,Sophia,Completed,Online,5,351.64,1758.2,2025-07-27,2026-06-12
Brownie,Cake,Cash,Cavite,James,Pending,Reseller,14,133.87,1874.18,2025-05-20,2026-05-12
Brownie,Cake,Debit Card,Manila,John,Completed,Walk-in,6,133.97,803.82,2025-06-28,2025-09-04
Baguette,Cake,Credit Card,Laguna,James,Pending,Reseller,2,301.96,603.92,2025-11-26,2026-05-17
Cupcake,Bread,Credit Card,Cavite,Maria,Pending,Reseller,10,222.88,2228.8,2025-05-22,2025-10-15
Croissant,Bread,Credit Card,Laguna,Alice,Cancelled,Reseller,3,356.44,1069.32,2025-06-17,2025-10-03
Brownie,Cake,GCash,Laguna,Sophia,Cancelled,Reseller,3,58.29,174.87,2026-01-12,2026-01-28
Cheesecake,Pastry,GCash,Batangas,John,Cancelled,Walk-in,5,196.07,980.35,2025-06-29,2025-10-09
Cookies,Bread,Debit Card,Laguna,James,Cancelled,Reseller,10,301.3,3013.0,2025-07-07,2025-12-09
Baguette,Dessert,Cash,Laguna,James,Cancelled,Reseller,11,130.2,1432.2,2025-06-26,2026-05-13
Cheesecake,Dessert,GCash,Cavite,Maria,Pending,Reseller,4,115.58,462.32,2026-02-19,2026-05-03
Cookies,Dessert,Credit Card,Batangas,James,Pending,Walk-in,15,440.64,6609.6,2026-01-17,2026-05-25
Brownie,Cake,Cash,Cavite,James,Pending,Walk-in,9,480.54,4324.86,2025-12-30,2026-06-02
Baguette,Bread,Credit Card,Manila,Sophia,Completed,Walk-in,12,334.05,4008.6,2025-07-15,2025-08-27
Donut,Pastry,Credit Card,Laguna,Alice,Pending,Walk-in,14,97.43,1364.02,2025-06-22,2025-09-12
Cookies,Cake,Cash,Batangas,Maria,Completed,Walk-in,2,308.08,616.16,2026-04-22,2026-06-02
Baguette,Dessert,Debit Card,Batangas,Daniel,Cancelled,Online,15,99.85,1497.75,2026-01-03,2026-03-05
Donut,Pastry,GCash,Batangas,Alice,Completed,Reseller,1,105.85,105.85,2025-09-04,2026-01-15
Cookies,Bread,Credit Card,Laguna,Alice,Pending,Walk-in,2,95.58,191.16,2025-12-19,2026-03-17
Croissant,Dessert,Cash,Manila,Maria,Cancelled,Online,14,374.38,5241.32,2025-08-28,2025-12-31
Cookies,Dessert,GCash,Cavite,James,Completed,Online,14,171.01,2394.14,2025-07-07,2026-02-02
Baguette,Bread,Cash,Manila,Alice,Completed,Reseller,15,52.9,793.5,2026-01-07,2026-05-15
Cheesecake,Cake,Cash,Laguna,Maria,Pending,Reseller,12,114.03,1368.36,2026-01-31,2026-05-07
Cheesecake,Dessert,Credit Card,Manila,Sophia,Cancelled,Walk-in,11,224.76,2472.36,2025-06-01,2025-11-27
Croissant,Bread,GCash,Manila,James,Cancelled,Reseller,2,273.03,546.06,2025-12-16,2026-03-26
Croissant,Bread,Cash,Laguna,Sophia,Pending,Walk-in,10,253.51,2535.1,2025-05-31,2026-01-06
Cheesecake,Bread,Debit Card,Manila,James,Pending,Reseller,9,60.38,543.42,2026-04-04,2026-05-12
Cookies,Pastry,Debit Card,Laguna,Alice,Pending,Reseller,5,88.94,444.7,2025-09-24,2026-01-23
Cookies,Pastry,Cash,Manila,James,Completed,Reseller,3,184.06,552.18,2026-05-03,2026-05-29
Cookies,Bread,GCash,Batangas,John,Pending,Online,4,290.57,1162.28,2026-05-12,2026-05-22
Brownie,Bread,GCash,Cavite,Maria,Completed,Reseller,5,92.26,461.3,2026-01-04,2026-04-04
Cookies,Bread,Cash,Laguna,John,Cancelled,Reseller,15,467.07,7006.05,2025-11-04,2026-05-21
Croissant,Cake,GCash,Batangas,Sophia,Pending,Walk-in,11,122.0,1342.0,2026-04-23,2026-05-10
Cheesecake,Cake,Debit Card,Laguna,John,Cancelled,Walk-in,2,167.83,335.66,2025-12-05,2025-12-06
Cookies,Bread,Cash,Laguna,Sophia,Pending,Online,13,473.2,6151.6,2025-09-30,2026-01-01
Cookies,Dessert,Debit Card,Cavite,John,Completed,Online,14,494.89,6928.46,2025-06-03,2026-02-25
Baguette,Pastry,Debit Card,Cavite,Maria,Pending,Online,8,209.45,1675.6,2025-12-16,2026-03-29
Croissant,Pastry,GCash,Laguna,Maria,Cancelled,Reseller,6,54.94,329.64,2026-01-21,2026-02-24
Brownie,Bread,Cash,Cavite,Daniel,Cancelled,Online,6,61.75,370.5,2026-05-14,2026-06-13
Brownie,Pastry,Debit Card,Cavite,Sophia,Completed,Reseller,6,499.59,2997.54,2025-08-27,2025-12-29
Cookies,Bread,Credit Card,Cavite,John,Completed,Online,8,423.82,3390.56,2025-08-26,2026-03-12
Baguette,Dessert,GCash,Cavite,Daniel,Cancelled,Walk-in,10,472.13,4721.3,2026-05-07,2026-06-11
Donut,Bread,Credit Card,Batangas,Maria,Completed,Walk-in,10,467.98,4679.8,2026-01-03,2026-04-06
Brownie,Bread,Debit Card,Batangas,Maria,Pending,Reseller,13,256.29,3331.77,2026-02-06,2026-02-28
Brownie,Pastry,GCash,Batangas,Daniel,Cancelled,Walk-in,9,292.52,2632.68,2026-01-20,2026-03-31
Croissant,Cake,Cash,Cavite,John,Completed,Online,14,73.42,1027.88,2026-02-25,2026-05-25
Croissant,Bread,Debit Card,Manila,Sophia,Pending,Reseller,2,88.69,177.38,2026-04-13,2026-05-25
Cheesecake,Dessert,Credit Card,Manila,Daniel,Cancelled,Reseller,10,173.93,1739.3,2025-07-18,2025-08-25
Croissant,Dessert,Cash,Laguna,Alice,Completed,Walk-in,7,439.16,3074.12,2025-12-08,2025-12-08
Cookies,Pastry,Cash,Laguna,Maria,Completed,Online,2,151.69,303.38,2025-09-11,2026-01-14
Croissant,Bread,Cash,Laguna,John,Cancelled,Online,8,101.43,811.44,2025-12-12,2026-05-06
Cheesecake,Cake,Debit Card,Laguna,Maria,Pending,Online,10,268.46,2684.6,2025-05-26,2025-11-25
Cheesecake,Pastry,GCash,Manila,James,Cancelled,Walk-in,6,63.63,381.78,2026-02-19,2026-05-28
Baguette,Pastry,Debit Card,Cavite,Daniel,Cancelled,Reseller,4,197.36,789.44,2025-09-22,2025-10-30
Cookies,Cake,Credit Card,Laguna,Alice,Cancelled,Walk-in,5,292.89,1464.45,2025-12-17,2025-12-29
Cheesecake,Cake,Credit Card,Laguna,Alice,Cancelled,Reseller,11,167.85,1846.35,2025-12-01,2026-01-28
Baguette,Cake,Credit Card,Batangas,Alice,Completed,Online,7,121.63,851.41,2025-11-08,2026-02-01
Baguette,Pastry,GCash,Cavite,James,Cancelled,Walk-in,14,114.87,1608.18,2025-11-18,2026-01-14
Croissant,Bread,Credit Card,Manila,Alice,Cancelled,Walk-in,9,125.57,1130.13,2025-05-14,2025-05-23
Baguette,Cake,Debit Card,Laguna,John,Completed,Reseller,8,130.41,1043.28,2025-08-04,2026-04-25
Croissant,Dessert,Credit Card,Manila,Daniel,Completed,Reseller,1,239.34,239.34,2026-02-08,2026-03-29
Cheesecake,Cake,Cash,Batangas,John,Pending,Reseller,10,343.5,3435.0,2025-12-28,2026-05-02
Cookies,Pastry,GCash,Manila,James,Completed,Walk-in,11,84.07,924.77,2025-05-25,2025-10-30
Brownie,Cake,GCash,Batangas,James,Completed,Walk-in,7,472.39,3306.73,2025-09-05,2025-09-12
Baguette,Bread,Debit Card,Manila,Sophia,Cancelled,Walk-in,9,190.88,1717.92,2025-09-21,2026-05-09
Croissant,Pastry,Cash,Manila,Daniel,Pending,Walk-in,9,170.38,1533.42,2025-06-03,2025-08-19
Cupcake,Cake,Debit Card,Laguna,Maria,Pending,Reseller,10,384.19,3841.9,2025-05-19,2026-01-08
Croissant,Pastry,Credit Card,Laguna,John,Pending,Reseller,9,267.28,2405.52,2025-11-29,2026-02-26
Cookies,Pastry,GCash,Laguna,Daniel,Cancelled,Walk-in,14,276.04,3864.56,2026-02-18,2026-03-06
Cheesecake,Dessert,Cash,Batangas,Maria,Pending,Walk-in,1,367.56,367.56,2025-08-23,2026-04-22
Cupcake,Cake,Cash,Manila,Alice,Cancelled,Online,5,330.33,1651.65,2025-10-31,2025-12-26
Cupcake,Cake,GCash,Laguna,Alice,Pending,Reseller,5,495.41,2477.05,2025-08-29,2026-01-29
Cupcake,Bread,Cash,Cavite,Maria,Pending,Online,10,335.36,3353.6,2025-12-25,2026-05-11
Donut,Bread,Credit Card,Cavite,John,Pending,Reseller,4,65.81,263.24,2025-05-29,2025-08-28
Cookies,Bread,GCash,Laguna,Daniel,Pending,Walk-in,13,396.23,5150.99,2025-09-28,2026-03-31
Cheesecake,Pastry,Cash,Manila,Sophia,Cancelled,Walk-in,11,141.42,1555.62,2026-03-06,2026-03-08
Donut,Dessert,Cash,Manila,John,Pending,Walk-in,5,442.08,2210.4,2025-11-26,2026-02-10
Baguette,Pastry,Cash,Manila,Alice,Pending,Walk-in,5,264.19,1320.95,2025-05-15,2026-03-07
Cheesecake,Pastry,Cash,Manila,John,Cancelled,Walk-in,3,72.64,217.92,2025-12-05,2026-02-06
Cookies,Bread,Debit Card,Cavite,Alice,Completed,Reseller,12,482.66,5791.92,2025-10-06,2025-11-07
Cupcake,Bread,Cash,Cavite,Alice,Completed,Walk-in,4,157.76,631.04,2026-04-30,2026-05-29
Cupcake,Pastry,GCash,Manila,Maria,Pending,Reseller,15,243.02,3645.3,2025-07-21,2026-05-25
Cookies,Cake,GCash,Manila,James,Cancelled,Reseller,5,231.62,1158.1,2026-02-27,2026-06-02
Croissant,Dessert,GCash,Batangas,Daniel,Cancelled,Reseller,9,460.74,4146.66,2025-05-16,2025-07-05
Donut,Pastry,GCash,Manila,Maria,Pending,Reseller,15,130.81,1962.15,2025-09-26,2026-05-06
Brownie,Pastry,Credit Card,Manila,James,Completed,Walk-in,3,237.54,712.62,2025-07-20,2026-03-21
Cheesecake,Pastry,Credit Card,Manila,Maria,Pending,Reseller,4,304.46,1217.84,2025-11-21,2026-04-21
Croissant,Bread,GCash,Laguna,Daniel,Completed,Online,10,313.64,3136.4,2026-05-02,2026-06-06
Cheesecake,Bread,GCash,Manila,John,Completed,Reseller,11,286.95,3156.45,2025-11-25,2026-01-02
Baguette,Bread,GCash,Laguna,Sophia,Cancelled,Online,9,334.29,3008.61,2025-07-30,2025-12-02
Croissant,Bread,Debit Card,Cavite,James,Completed,Online,13,402.25,5229.25,2026-03-28,2026-04-25
Baguette,Dessert,Debit Card,Manila,Sophia,Pending,Online,6,75.81,454.86,2025-08-14,2025-09-10
Cupcake,Pastry,Cash,Manila,James,Cancelled,Reseller,9,207.61,1868.49,2025-10-02,2025-11-14
Donut,Bread,GCash,Cavite,John,Completed,Walk-in,4,112.59,450.36,2025-05-18,2025-11-14
Brownie,Dessert,Credit Card,Cavite,Daniel,Cancelled,Online,5,172.97,864.85,2025-12-17,2026-06-03
Cheesecake,Dessert,Cash,Batangas,James,Pending,Reseller,3,273.42,820.26,2025-06-22,2025-09-05
Cupcake,Dessert,Debit Card,Manila,Daniel,Cancelled,Reseller,12,466.87,5602.44,2026-01-24,2026-05-17
Baguette,Pastry,Cash,Laguna,James,Cancelled,Reseller,6,113.6,681.6,2026-01-02,2026-01-08
Cupcake,Bread,Credit Card,Laguna,Sophia,Pending,Online,11,333.62,3669.82,2025-06-01,2025-12-27
Donut,Dessert,Credit Card,Manila,Daniel,Cancelled,Walk-in,14,146.07,2044.98,2025-11-12,2026-01-14
Croissant,Bread,Debit Card,Laguna,Maria,Cancelled,Walk-in,11,156.49,1721.39,2025-06-23,2026-01-15
Cupcake,Bread,Cash,Cavite,Maria,Completed,Walk-in,11,418.12,4599.32,2026-02-01,2026-04-15
Baguette,Dessert,Credit Card,Batangas,Maria,Cancelled,Reseller,4,56.14,224.56,2026-01-18,2026-03-25
Cupcake,Pastry,GCash,Cavite,Sophia,Completed,Online,7,330.33,2312.31,2025-05-29,2025-12-09
Croissant,Bread,GCash,Laguna,James,Completed,Online,9,223.7,2013.3,2026-01-09,2026-01-17
Brownie,Pastry,Cash,Manila,Sophia,Pending,Online,14,54.7,765.8,2025-05-21,2026-05-13
Donut,Cake,Cash,Batangas,James,Cancelled,Walk-in,15,481.36,7220.4,2025-06-06,2025-09-26
Croissant,Dessert,GCash,Laguna,Alice,Pending,Online,8,219.06,1752.48,2025-08-08,2025-12-01
Cheesecake,Dessert,Credit Card,Laguna,Maria,Pending,Online,6,213.16,1278.96,2025-08-16,2025-10-03
Cupcake,Cake,Debit Card,Manila,Daniel,Cancelled,Walk-in,2,281.79,563.58,2025-07-10,2025-09-10
Donut,Bread,Cash,Cavite,Daniel,Pending,Walk-in,8,361.57,2892.56,2026-01-08,2026-04-16
Donut,Cake,Credit Card,Manila,Daniel,Cancelled,Walk-in,3,310.42,931.26,2025-06-27,2026-03-09
Cookies,Pastry,GCash,Batangas,Daniel,Cancelled,Walk-in,13,345.66,4493.58,2026-01-24,2026-03-05
Cheesecake,Cake,Credit Card,Cavite,Alice,Completed,Reseller,7,478.64,3350.48,2025-11-05,2026-01-17
Cookies,Dessert,GCash,Cavite,Daniel,Completed,Online,5,171.02,855.1,2025-10-07,2026-05-04
Croissant,Bread,Debit Card,Manila,Daniel,Pending,Walk-in,9,374.88,3373.92,2026-01-27,2026-04-20
Croissant,Cake,Debit Card,Batangas,James,Cancelled,Walk-in,1,356.11,356.11,2026-02-07,2026-04-23
Cheesecake,Bread,Debit Card,Manila,John,Completed,Online,11,153.75,1691.25,2026-03-12,2026-05-30
Cookies,Bread,Cash,Laguna,John,Cancelled,Online,6,386.59,2319.54,2026-01-31,2026-02-23
Croissant,Pastry,GCash,Manila,Daniel,Completed,Walk-in,6,348.7,2092.2,2025-12-03,2026-01-30
Croissant,Pastry,Cash,Manila,Sophia,Cancelled,Walk-in,6,353.64,2121.84,2025-12-10,2026-05-11
Cupcake,Pastry,Debit Card,Manila,Alice,Cancelled,Online,12,173.79,2085.48,2025-11-05,2026-02-03
Donut,Bread,Credit Card,Batangas,Daniel,Pending,Walk-in,6,242.08,1452.48,2025-09-25,2026-04-28
Cupcake,Dessert,Credit Card,Laguna,John,Cancelled,Walk-in,3,314.29,942.87,2025-08-09,2025-08-11
Cupcake,Cake,GCash,Cavite,Maria,Completed,Online,6,496.24,2977.44,2025-09-22,2025-10-20
Croissant,Dessert,GCash,Manila,James,Pending,Walk-in,4,189.6,758.4,2025-08-06,2025-12-03
Brownie,Dessert,Cash,Batangas,John,Completed,Reseller,7,72.36,506.52,2025-09-24,2025-11-15
Brownie,Pastry,Cash,Cavite,Maria,Pending,Reseller,4,300.12,1200.48,2025-07-10,2026-04-19
Cupcake,Bread,Credit Card,Cavite,Daniel,Completed,Reseller,9,431.22,3880.98,2026-01-10,2026-02-08
Croissant,Dessert,Credit Card,Laguna,Daniel,Pending,Reseller,3,107.73,323.19,2026-04-25,2026-04-26
Cheesecake,Cake,Credit Card,Cavite,Alice,Pending,Reseller,8,155.87,1246.96,2025-08-30,2026-01-24
Cheesecake,Cake,Cash,Batangas,Maria,Cancelled,Walk-in,15,374.02,5610.3,2025-12-03,2026-03-02
Cheesecake,Bread,Credit Card,Cavite,Daniel,Pending,Walk-in,15,285.56,4283.4,2026-04-20,2026-06-12
Cookies,Cake,GCash,Batangas,James,Cancelled,Online,5,125.56,627.8,2025-09-06,2026-01-30
Cookies,Pastry,Debit Card,Batangas,Sophia,Completed,Walk-in,7,319.74,2238.18,2025-05-19,2026-04-08
Donut,Dessert,Cash,Batangas,Maria,Pending,Walk-in,12,248.2,2978.4,2025-09-09,2026-05-03
Cupcake,Dessert,Debit Card,Manila,Maria,Cancelled,Reseller,3,138.01,414.03,2025-06-03,2025-06-04
Brownie,Pastry,Debit Card,Manila,Maria,Pending,Walk-in,9,467.38,4206.42,2025-06-02,2026-01-29
Cheesecake,Dessert,Debit Card,Batangas,Sophia,Pending,Online,3,233.48,700.44,2025-09-02,2026-06-06
Donut,Cake,Cash,Laguna,Sophia,Completed,Reseller,11,187.67,2064.37,2025-12-02,2026-03-13
Cheesecake,Dessert,GCash,Laguna,John,Cancelled,Online,13,256.74,3337.62,2025-07-15,2025-10-27
Baguette,Bread,Debit Card,Laguna,James,Completed,Walk-in,4,342.43,1369.72,2025-07-29,2026-02-03
Brownie,Dessert,GCash,Manila,Daniel,Completed,Reseller,5,85.18,425.9,2026-01-30,2026-04-30
Donut,Pastry,Debit Card,Cavite,Sophia,Cancelled,Online,4,256.08,1024.32,2025-12-04,2026-04-26
Donut,Cake,Credit Card,Cavite,Alice,Completed,Reseller,8,461.62,3692.96,2026-04-25,2026-05-12
Baguette,Dessert,Debit Card,Batangas,Daniel,Cancelled,Online,5,177.82,889.1,2025-12-31,2026-04-24
Cupcake,Pastry,Debit Card,Laguna,Alice,Pending,Reseller,14,220.88,3092.32,2025-09-19,2026-05-19
Cupcake,Pastry,Debit Card,Laguna,Alice,Pending,Reseller,7,317.05,2219.35,2025-10-16,2026-01-21
Croissant,Dessert,Cash,Laguna,James,Cancelled,Walk-in,12,420.23,5042.76,2025-06-24,2026-06-13
Cupcake,Dessert,Debit Card,Cavite,John,Cancelled,Reseller,5,142.79,713.95,2025-11-01,2026-04-06
Croissant,Bread,GCash,Batangas,Daniel,Cancelled,Online,12,409.8,4917.6,2025-09-17,2026-05-15
Cookies,Pastry,Cash,Cavite,Daniel,Completed,Online,10,409.82,4098.2,2026-01-09,2026-03-17
Brownie,Bread,GCash,Laguna,Sophia,Completed,Reseller,5,412.24,2061.2,2025-09-21,2025-12-26
Croissant,Pastry,GCash,Laguna,John,Cancelled,Online,6,66.95,401.7,2026-05-06,2026-05-17
Donut,Pastry,Cash,Batangas,James,Completed,Reseller,6,423.67,2542.02,2025-11-18,2026-04-09
Cookies,Pastry,Cash,Batangas,Alice,Pending,Walk-in,10,252.24,2522.4,2025-12-13,2026-04-19
Cheesecake,Bread,GCash,Cavite,Sophia,Pending,Online,2,382.95,765.9,2025-07-24,2025-11-09
Baguette,Bread,GCash,Laguna,Alice,Completed,Reseller,2,453.84,907.68,2025-07-31,2025-10-13
Baguette,Cake,GCash,Cavite,Sophia,Pending,Reseller,2,177.58,355.16,2025-11-06,2026-05-31
Cupcake,Dessert,Credit Card,Batangas,James,Cancelled,Walk-in,3,496.13,1488.39,2026-02-19,2026-03-16
Cookies,Cake,Credit Card,Batangas,Alice,Cancelled,Online,9,198.48,1786.32,2026-02-20,2026-02-23
Donut,Cake,Cash,Manila,James,Cancelled,Walk-in,13,215.43,2800.59,2026-05-03,2026-05-12
Croissant,Dessert,Cash,Manila,Daniel,Cancelled,Reseller,2,294.43,588.86,2025-05-14,2025-12-31
Cookies,Dessert,Credit Card,Batangas,James,Completed,Online,11,79.19,871.09,2026-04-26,2026-06-05
Cupcake,Dessert,Credit Card,Cavite,John,Cancelled,Walk-in,1,387.68,387.68,2025-09-23,2026-01-21
Donut,Bread,GCash,Cavite,Sophia,Completed,Walk-in,7,234.25,1639.75,2025-09-09,2026-01-23
Cupcake,Bread,Cash,Manila,Alice,Completed,Walk-in,7,282.28,1975.96,2025-09-11,2026-06-10
Cheesecake,Dessert,Credit Card,Cavite,James,Pending,Online,7,122.29,856.03,2025-12-05,2025-12-08
Croissant,Dessert,Debit Card,Cavite,Alice,Completed,Walk-in,1,234.94,234.94,2026-01-04,2026-06-10
Baguette,Dessert,Credit Card,Manila,Sophia,Completed,Online,13,307.72,4000.36,2026-04-15,2026-05-19
Cupcake,Cake,Credit Card,Cavite,Maria,Completed,Reseller,15,93.36,1400.4,2025-05-29,2025-08-09
Cupcake,Bread,Cash,Cavite,Maria,Pending,Online,2,287.03,574.06,2025-10-10,2026-04-22
Cheesecake,Dessert,Cash,Manila,Alice,Cancelled,Walk-in,5,270.28,1351.4,2026-02-05,2026-06-13
Baguette,Dessert,Credit Card,Batangas,John,Completed,Reseller,9,187.94,1691.46,2025-11-10,2026-02-26
Brownie,Bread,Credit Card,Manila,Alice,Pending,Reseller,8,426.67,3413.36,2025-09-11,2026-04-15
Cupcake,Bread,Cash,Batangas,Maria,Completed,Reseller,6,222.41,1334.46,2025-12-05,2025-12-23
Cheesecake,Pastry,GCash,Manila,Maria,Cancelled,Reseller,2,137.37,274.74,2025-09-09,2025-10-27
Baguette,Cake,Cash,Manila,Daniel,Completed,Reseller,14,121.99,1707.86,2026-01-03,2026-03-09
Cookies,Pastry,Debit Card,Cavite,John,Pending,Reseller,14,124.0,1736.0,2025-05-26,2025-06-18
Donut,Pastry,Credit Card,Batangas,Daniel,Cancelled,Walk-in,15,300.04,4500.6,2025-09-30,2025-12-12
Baguette,Dessert,Cash,Batangas,James,Completed,Walk-in,14,88.21,1234.94,2025-06-05,2025-11-08
Cupcake,Pastry,GCash,Cavite,Sophia,Pending,Online,1,265.58,265.58,2025-12-14,2026-04-27
Brownie,Pastry,GCash,Batangas,Maria,Cancelled,Reseller,12,328.64,3943.68,2026-04-16,2026-05-02
Brownie,Dessert,GCash,Cavite,Sophia,Pending,Online,2,183.13,366.26,2025-07-26,2025-08-06
Cheesecake,Dessert,GCash,Cavite,John,Cancelled,Reseller,7,118.14,826.98,2025-11-12,2026-06-04
Cupcake,Bread,Debit Card,Laguna,Sophia,Pending,Walk-in,9,472.73,4254.57,2025-08-31,2025-09-25
Donut,Bread,Cash,Cavite,Alice,Cancelled,Online,6,112.62,675.72,2026-03-17,2026-05-06
Croissant,Bread,Credit Card,Cavite,Alice,Completed,Walk-in,9,381.21,3430.89,2026-02-10,2026-03-03
Cookies,Pastry,Debit Card,Cavite,Daniel,Cancelled,Reseller,2,475.51,951.02,2025-07-23,2025-12-23
Brownie,Dessert,GCash,Manila,Daniel,Pending,Walk-in,11,185.5,2040.5,2026-05-08,2026-05-11
Donut,Bread,Debit Card,Manila,John,Cancelled,Online,13,218.13,2835.69,2025-08-07,2025-10-27
Croissant,Cake,Cash,Laguna,John,Cancelled,Walk-in,2,106.99,213.98,2026-01-07,2026-05-30
Donut,Pastry,GCash,Batangas,John,Completed,Reseller,15,414.12,6211.8,2025-09-02,2026-01-19
Croissant,Dessert,Debit Card,Laguna,Sophia,Cancelled,Walk-in,6,285.12,1710.72,2025-12-10,2026-06-10
Baguette,Dessert,GCash,Manila,Sophia,Cancelled,Online,1,357.41,357.41,2025-08-11,2026-06-07
Cupcake,Cake,Debit Card,Batangas,Maria,Completed,Reseller,14,261.96,3667.44,2025-08-25,2026-05-14
Cupcake,Bread,Debit Card,Laguna,Sophia,Pending,Walk-in,2,75.14,150.28,2026-04-04,2026-04-21
Brownie,Pastry,Cash,Batangas,Maria,Cancelled,Online,7,163.48,1144.36,2025-08-29,2026-05-07
Croissant,Pastry,Cash,Laguna,Maria,Pending,Online,1,91.69,91.69,2025-09-24,2026-05-05
Baguette,Pastry,Cash,Manila,Daniel,Pending,Walk-in,13,138.51,1800.63,2025-08-20,2026-03-04
Brownie,Pastry,GCash,Cavite,Maria,Cancelled,Online,12,212.46,2549.52,2025-10-10,2026-01-06
Baguette,Dessert,Cash,Batangas,Sophia,Completed,Online,4,323.51,1294.04,2026-04-01,2026-06-13
Cheesecake,Pastry,Credit Card,Manila,John,Completed,Walk-in,2,82.64,165.28,2026-03-31,2026-05-24
Baguette,Dessert,GCash,Manila,Maria,Completed,Walk-in,9,88.49,796.41,2025-06-08,2026-03-20
Cheesecake,Bread,Debit Card,Laguna,Alice,Completed,Reseller,10,66.57,665.7,2025-07-14,2025-08-08
Donut,Pastry,Debit Card,Laguna,Alice,Pending,Online,5,132.31,661.55,2026-04-13,2026-06-08
Cupcake,Pastry,Debit Card,Manila,John,Pending,Online,7,225.56,1578.92,2026-03-03,2026-03-30
Brownie,Bread,Debit Card,Cavite,Maria,Completed,Reseller,12,126.05,1512.6,2025-08-09,2025-11-30
Brownie,Bread,Credit Card,Cavite,Sophia,Pending,Reseller,5,431.11,2155.55,2025-12-28,2026-05-19
Cookies,Bread,Debit Card,Laguna,James,Pending,Walk-in,13,222.8,2896.4,2025-11-02,2026-02-12
Brownie,Dessert,Debit Card,Laguna,James,Completed,Online,13,452.98,5888.74,2026-02-02,2026-03-13
Brownie,Pastry,Credit Card,Laguna,John,Completed,Walk-in,7,320.07,2240.49,2025-11-14,2026-03-21
Brownie,Pastry,GCash,Cavite,James,Cancelled,Reseller,10,119.98,1199.8,2026-04-12,2026-05-07
Baguette,Pastry,Credit Card,Cavite,Daniel,Pending,Walk-in,5,197.74,988.7,2025-07-07,2025-10-08
Brownie,Pastry,Debit Card,Laguna,Sophia,Pending,Online,2,156.23,312.46,2025-11-18,2026-02-08
Cheesecake,Pastry,Cash,Laguna,Sophia,Pending,Walk-in,1,119.06,119.06,2025-11-12,2026-04-02
Donut,Dessert,Debit Card,Laguna,John,Cancelled,Online,14,174.92,2448.88,2025-08-12,2026-04-09
Croissant,Cake,GCash,Laguna,James,Completed,Online,5,462.47,2312.35,2025-06-29,2025-11-24
Cupcake,Pastry,Credit Card,Batangas,Sophia,Cancelled,Walk-in,6,295.81,1774.86,2025-11-06,2026-05-24
Cheesecake,Dessert,Debit Card,Cavite,James,Completed,Walk-in,14,191.2,2676.8,2025-07-21,2025-12-26
Cupcake,Cake,Debit Card,Batangas,Alice,Cancelled,Reseller,13,345.36,4489.68,2026-04-30,2026-06-08
Croissant,Bread,GCash,Laguna,Sophia,Pending,Walk-in,11,374.45,4118.95,2025-10-07,2025-10-15
Cupcake,Pastry,Debit Card,Manila,Maria,Pending,Walk-in,6,117.32,703.92,2026-04-04,2026-05-07
Cookies,Pastry,GCash,Manila,John,Cancelled,Walk-in,12,432.31,5187.72,2026-03-22,2026-05-20
Baguette,Bread,GCash,Cavite,Daniel,Pending,Walk-in,5,283.09,1415.45,2026-05-08,2026-05-13
Cheesecake,Cake,GCash,Batangas,John,Pending,Reseller,6,178.12,1068.72,2025-10-29,2026-02-17
Baguette,Bread,Debit Card,Batangas,James,Pending,Online,14,389.0,5446.0,2025-05-27,2025-06-01
Cookies,Bread,GCash,Cavite,Alice,Cancelled,Reseller,5,224.17,1120.85,2025-08-11,2026-02-11
Donut,Cake,Cash,Batangas,James,Completed,Walk-in,10,450.88,4508.8,2025-08-25,2026-03-23
Donut,Dessert,Debit Card,Laguna,Sophia,Pending,Walk-in,2,431.89,863.78,2025-06-23,2025-07-10
Cookies,Bread,GCash,Laguna,James,Completed,Reseller,12,411.68,4940.16,2026-03-24,2026-05-26
Brownie,Cake,Credit Card,Laguna,James,Pending,Reseller,13,283.47,3685.11,2025-08-02,2026-01-25
Baguette,Bread,Cash,Manila,Alice,Completed,Walk-in,15,76.6,1149.0,2026-01-20,2026-05-31
Baguette,Pastry,Credit Card,Cavite,James,Cancelled,Walk-in,3,212.08,636.24,2025-10-30,2025-12-29
Cupcake,Cake,Credit Card,Cavite,Sophia,Completed,Reseller,13,339.59,4414.67,2025-10-03,2025-12-05
Cookies,Dessert,Cash,Manila,Daniel,Completed,Walk-in,10,165.06,1650.6,2025-07-16,2025-09-04
Brownie,Dessert,GCash,Laguna,Daniel,Pending,Reseller,4,83.79,335.16,2026-05-11,2026-05-28
Donut,Dessert,GCash,Laguna,Daniel,Completed,Walk-in,12,213.23,2558.76,2025-12-05,2025-12-14
Donut,Bread,Debit Card,Manila,Daniel,Completed,Walk-in,15,462.55,6938.25,2026-03-04,2026-03-21
Baguette,Bread,GCash,Batangas,Sophia,Completed,Online,3,241.17,723.51,2025-12-06,2026-03-07
Cupcake,Pastry,Debit Card,Cavite,John,Cancelled,Walk-in,1,323.01,323.01,2025-11-21,2026-05-11
Brownie,Bread,Credit Card,Manila,Alice,Completed,Online,8,467.23,3737.84,2026-03-11,2026-05-18
Baguette,Pastry,GCash,Laguna,Maria,Completed,Walk-in,9,270.86,2437.74,2026-04-30,2026-05-15
Cookies,Cake,Debit Card,Cavite,Sophia,Pending,Online,11,450.26,4952.86,2025-11-27,2026-06-10
Croissant,Cake,Credit Card,Laguna,Sophia,Completed,Reseller,10,376.41,3764.1,2026-05-07,2026-06-05
Croissant,Cake,Cash,Manila,Sophia,Cancelled,Walk-in,7,215.76,1510.32,2026-01-19,2026-06-05
Cheesecake,Cake,Cash,Laguna,John,Pending,Walk-in,12,485.03,5820.36,2026-05-04,2026-06-01
Brownie,Dessert,Cash,Cavite,Maria,Pending,Reseller,4,426.0,1704.0,2026-03-03,2026-06-07
Cookies,Dessert,GCash,Batangas,Daniel,Cancelled,Walk-in,3,486.12,1458.36,2025-08-31,2025-12-05
Brownie,Bread,Credit Card,Cavite,Daniel,Completed,Online,1,179.9,179.9,2026-02-01,2026-05-06
Brownie,Dessert,Credit Card,Cavite,Sophia,Cancelled,Online,5,61.3,306.5,2026-03-16,2026-06-04
Cupcake,Cake,GCash,Laguna,John,Cancelled,Online,14,394.88,5528.32,2025-12-14,2026-06-03
Cookies,Cake,Credit Card,Batangas,Sophia,Cancelled,Online,12,420.81,5049.72,2026-01-30,2026-05-07
Cheesecake,Cake,Debit Card,Manila,James,Completed,Reseller,13,202.02,2626.26,2025-05-28,2026-04-15
Donut,Pastry,Credit Card,Laguna,Alice,Completed,Walk-in,8,110.52,884.16,2025-06-03,2025-08-22
Donut,Bread,GCash,Cavite,Maria,Pending,Reseller,9,385.27,3467.43,2025-08-11,2026-01-02
Cheesecake,Pastry,Debit Card,Laguna,Daniel,Completed,Walk-in,5,289.58,1447.9,2025-06-29,2026-05-24
Brownie,Cake,Credit Card,Laguna,James,Cancelled,Online,9,298.55,2686.95,2025-11-09,2026-03-25
Cupcake,Bread,GCash,Laguna,Maria,Pending,Walk-in,3,250.97,752.91,2026-03-18,2026-04-14
Cheesecake,Bread,Cash,Manila,Daniel,Pending,Online,6,399.54,2397.24,2025-09-15,2026-02-02
Cookies,Cake,Debit Card,Laguna,Maria,Completed,Reseller,5,140.45,702.25,2026-01-03,2026-04-22
Brownie,Bread,GCash,Laguna,Daniel,Cancelled,Walk-in,2,277.18,554.36,2025-06-21,2026-01-15
Cheesecake,Bread,GCash,Manila,James,Pending,Online,4,130.8,523.2,2025-11-19,2025-12-18
Cookies,Cake,Debit Card,Cavite,Alice,Completed,Walk-in,1,468.87,468.87,2025-10-07,2026-05-13
Donut,Bread,Credit Card,Cavite,Alice,Pending,Reseller,5,285.81,1429.05,2025-09-24,2026-02-16
Brownie,Cake,Credit Card,Laguna,John,Pending,Reseller,10,382.63,3826.3,2026-01-19,2026-03-31
Baguette,Bread,Debit Card,Cavite,Alice,Cancelled,Walk-in,15,305.34,4580.1,2025-10-20,2026-06-05
Cookies,Pastry,GCash,Manila,Sophia,Cancelled,Online,13,131.55,1710.15,2026-05-11,2026-06-01
Croissant,Bread,Credit Card,Laguna,James,Completed,Walk-in,7,401.79,2812.53,2025-11-14,2026-03-31
Brownie,Dessert,Credit Card,Batangas,Alice,Cancelled,Walk-in,9,351.62,3164.58,2025-11-04,2026-03-03
Cookies,Cake,Debit Card,Batangas,John,Pending,Reseller,12,438.39,5260.68,2026-04-15,2026-06-03
Donut,Bread,Cash,Manila,Maria,Cancelled,Online,14,480.64,6728.96,2025-06-06,2025-06-09
Donut,Bread,Debit Card,Batangas,John,Pending,Online,8,113.01,904.08,2025-08-10,2026-04-10
Brownie,Cake,Debit Card,Batangas,Maria,Completed,Reseller,3,489.73,1469.19,2025-08-24,2025-12-27
Donut,Pastry,Cash,Batangas,Daniel,Completed,Reseller,11,183.06,2013.66,2026-03-04,2026-04-04
Cupcake,Bread,GCash,Manila,Alice,Pending,Walk-in,2,122.37,244.74,2026-03-25,2026-06-06
Cookies,Pastry,Credit Card,Laguna,Maria,Cancelled,Reseller,15,405.39,6080.85,2025-10-30,2026-04-12
Baguette,Dessert,Debit Card,Manila,Alice,Pending,Reseller,7,155.82,1090.74,2025-11-07,2026-05-10
Croissant,Pastry,Credit Card,Manila,John,Completed,Online,5,464.92,2324.6,2025-12-31,2026-03-26
Brownie,Bread,GCash,Batangas,John,Cancelled,Reseller,9,62.15,559.35,2026-02-17,2026-06-03
Baguette,Dessert,Credit Card,Manila,John,Pending,Reseller,7,352.04,2464.28,2026-02-23,2026-04-18
Croissant,Pastry,Debit Card,Batangas,Daniel,Completed,Online,14,143.88,2014.32,2025-09-21,2025-12-13
Cupcake,Bread,Credit Card,Batangas,Alice,Completed,Online,4,312.75,1251.0,2025-09-17,2025-10-27
Cookies,Pastry,GCash,Laguna,Alice,Cancelled,Online,2,188.23,376.46,2026-02-10,2026-03-11
Brownie,Bread,GCash,Manila,John,Cancelled,Walk-in,10,125.62,1256.2,2026-02-18,2026-05-13
Brownie,Cake,Credit Card,Laguna,John,Cancelled,Online,5,485.91,2429.55,2025-12-01,2026-01-26
Baguette,Cake,Credit Card,Cavite,Sophia,Completed,Reseller,2,452.37,904.74,2025-08-09,2026-04-15
Donut,Pastry,Cash,Batangas,Sophia,Pending,Reseller,6,169.54,1017.24,2026-02-06,2026-03-16
Brownie,Cake,Cash,Cavite,Maria,Cancelled,Walk-in,14,210.06,2940.84,2025-08-15,2025-09-28
Cupcake,Bread,GCash,Manila,Maria,Pending,Online,13,265.47,3451.11,2026-03-06,2026-05-11
Cupcake,Cake,Debit Card,Batangas,Daniel,Cancelled,Online,7,252.36,1766.52,2026-02-06,2026-02-17
Croissant,Cake,Credit Card,Cavite,Alice,Cancelled,Online,6,235.17,1411.02,2026-03-14,2026-04-29
Cupcake,Bread,Debit Card,Manila,James,Pending,Reseller,3,154.86,464.58,2025-07-25,2025-09-29
Cookies,Cake,GCash,Laguna,John,Completed,Reseller,5,367.23,1836.15,2025-09-13,2026-03-23
Cookies,Dessert,Debit Card,Laguna,Daniel,Cancelled,Walk-in,8,177.38,1419.04,2026-04-29,2026-05-22
Donut,Dessert,GCash,Batangas,Alice,Cancelled,Online,11,367.41,4041.51,2026-02-17,2026-02-19
Cookies,Cake,Cash,Cavite,Sophia,Pending,Online,12,469.01,5628.12,2026-04-05,2026-04-12
Cupcake,Dessert,Debit Card,Cavite,Maria,Pending,Online,14,151.63,2122.82,2025-12-11,2026-05-09
Cheesecake,Pastry,Cash,Laguna,Alice,Pending,Walk-in,15,107.74,1616.1,2026-01-15,2026-02-04
Donut,Cake,Credit Card,Cavite,Alice,Completed,Online,7,288.22,2017.54,2025-11-19,2026-01-19
Cupcake,Bread,Debit Card,Cavite,John,Pending,Walk-in,11,148.19,1630.09,2026-03-17,2026-05-06
Cookies,Cake,Cash,Batangas,Daniel,Pending,Online,11,284.35,3127.85,2025-10-06,2026-02-01
Croissant,Bread,Cash,Laguna,Daniel,Pending,Reseller,15,204.86,3072.9,2025-11-30,2026-01-11
Donut,Bread,Debit Card,Laguna,Daniel,Completed,Walk-in,12,379.04,4548.48,2026-01-06,2026-06-03
Croissant,Dessert,Credit Card,Laguna,Daniel,Completed,Reseller,13,252.79,3286.27,2026-02-05,2026-03-17
Baguette,Pastry,GCash,Batangas,Daniel,Pending,Online,4,402.19,1608.76,2025-10-08,2026-04-30
Donut,Dessert,GCash,Laguna,John,Pending,Reseller,12,371.68,4460.16,2025-08-30,2026-04-18
Baguette,Pastry,Cash,Batangas,Daniel,Pending,Reseller,7,316.39,2214.73,2025-10-31,2026-02-16
Brownie,Dessert,GCash,Laguna,James,Pending,Walk-in,4,127.98,511.92,2026-04-05,2026-04-05
Cheesecake,Cake,GCash,Cavite,Alice,Cancelled,Walk-in,12,116.06,1392.72,2025-12-27,2026-04-18
Cupcake,Pastry,Credit Card,Manila,John,Cancelled,Reseller,3,109.83,329.49,2026-04-12,2026-06-08
Baguette,Dessert,Debit Card,Laguna,Daniel,Pending,Reseller,9,292.19,2629.71,2025-10-18,2026-05-28
Donut,Dessert,Credit Card,Manila,Alice,Cancelled,Walk-in,9,324.38,2919.42,2025-08-14,2026-02-01
Donut,Dessert,Cash,Batangas,James,Pending,Walk-in,13,124.65,1620.45,2026-02-28,2026-03-29
Baguette,Cake,GCash,Manila,Maria,Cancelled,Reseller,10,182.79,1827.9,2025-11-03,2025-12-05
Brownie,Pastry,GCash,Batangas,Maria,Cancelled,Online,7,498.98,3492.86,2025-08-22,2025-09-02
Cookies,Bread,Credit Card,Batangas,Maria,Pending,Online,14,422.84,5919.76,2025-09-20,2025-12-11
Brownie,Pastry,Cash,Batangas,Maria,Pending,Reseller,12,421.17,5054.04,2025-08-15,2026-01-02
Brownie,Bread,Debit Card,Manila,James,Cancelled,Walk-in,7,76.92,538.44,2025-10-16,2026-04-17
Cookies,Dessert,Credit Card,Cavite,John,Pending,Reseller,8,218.24,1745.92,2025-09-07,2025-10-13
Donut,Pastry,Credit Card,Cavite,Maria,Completed,Online,5,292.33,1461.65,2025-07-06,2025-10-06
Cupcake,Cake,Debit Card,Laguna,James,Completed,Online,4,106.12,424.48,2025-06-06,2025-07-20
Cookies,Cake,GCash,Manila,John,Completed,Walk-in,3,119.43,358.29,2025-10-06,2025-12-21
Cheesecake,Dessert,Credit Card,Manila,Sophia,Pending,Reseller,12,63.76,765.12,2026-04-18,2026-05-06
Croissant,Cake,Credit Card,Cavite,John,Completed,Walk-in,11,414.11,4555.21,2025-12-21,2026-06-01
Croissant,Bread,Credit Card,Manila,James,Completed,Walk-in,1,204.12,204.12,2025-10-19,2025-11-15
Cookies,Pastry,GCash,Manila,Daniel,Pending,Online,3,273.16,819.48,2025-10-01,2025-12-20
Donut,Pastry,Cash,Manila,John,Completed,Reseller,1,229.0,229.0,2025-12-29,2026-06-01
Baguette,Dessert,Credit Card,Laguna,Alice,Completed,Walk-in,6,136.35,818.1,2025-11-11,2026-04-21
Brownie,Bread,GCash,Cavite,Maria,Completed,Reseller,8,191.19,1529.52,2026-02-26,2026-06-09
Cupcake,Pastry,GCash,Manila,John,Pending,Online,14,356.75,4994.5,2025-11-01,2026-05-03
Cookies,Dessert,Credit Card,Laguna,Maria,Cancelled,Reseller,15,369.05,5535.75,2025-09-06,2026-02-24
Donut,Bread,GCash,Laguna,Alice,Pending,Online,5,146.93,734.65,2026-01-20,2026-05-20
Donut,Cake,GCash,Laguna,Alice,Pending,Reseller,9,255.87,2302.83,2026-04-24,2026-06-03
Cookies,Cake,Debit Card,Manila,Maria,Completed,Walk-in,12,65.19,782.28,2026-02-18,2026-04-25
Cookies,Pastry,Credit Card,Cavite,James,Cancelled,Online,10,468.6,4686.0,2026-03-29,2026-04-04
Cheesecake,Bread,Credit Card,Cavite,James,Cancelled,Reseller,2,311.64,623.28,2025-09-20,2025-12-15
Croissant,Cake,Debit Card,Batangas,Daniel,Completed,Walk-in,9,241.53,2173.77,2026-04-20,2026-05-06
Cookies,Pastry,GCash,Manila,Maria,Completed,Online,3,401.04,1203.12,2026-05-04,2026-05-21
Brownie,Dessert,Credit Card,Cavite,Daniel,Cancelled,Online,14,446.43,6250.02,2026-04-22,2026-05-05
Cookies,Bread,Debit Card,Cavite,John,Completed,Reseller,12,446.76,5361.12,2026-05-05,2026-05-21
Cupcake,Dessert,GCash,Laguna,Maria,Cancelled,Online,9,489.25,4403.25,2025-10-30,2026-05-13
Brownie,Pastry,Debit Card,Laguna,Daniel,Cancelled,Online,2,173.54,347.08,2025-05-25,2025-06-08
Baguette,Bread,GCash,Laguna,John,Cancelled,Reseller,6,121.25,727.5,2025-10-16,2025-11-21
Baguette,Pastry,Credit Card,Cavite,Daniel,Completed,Walk-in,9,117.07,1053.63,2025-10-09,2026-03-09
Donut,Dessert,Debit Card,Cavite,Alice,Pending,Reseller,4,304.72,1218.88,2026-01-08,2026-04-24
Baguette,Pastry,Cash,Cavite,Maria,Cancelled,Reseller,3,183.57,550.71,2026-05-05,2026-05-21
Cookies,Bread,Debit Card,Batangas,Maria,Completed,Online,1,312.28,312.28,2025-06-20,2025-07-29
Cookies,Dessert,GCash,Laguna,Alice,Cancelled,Reseller,3,79.19,237.57,2025-06-01,2026-04-15
Cheesecake,Dessert,Cash,Manila,Daniel,Cancelled,Walk-in,9,132.12,1189.08,2025-08-04,2025-08-23
Croissant,Pastry,Debit Card,Batangas,Maria,Cancelled,Reseller,3,464.67,1394.01,2025-11-18,2026-03-13
Cupcake,Cake,Cash,Batangas,James,Completed,Walk-in,8,228.74,1829.92,2025-09-07,2026-05-17
Croissant,Dessert,Credit Card,Cavite,Alice,Cancelled,Online,14,134.32,1880.48,2026-04-17,2026-05-05
Cupcake,Bread,Debit Card,Manila,John,Cancelled,Walk-in,8,461.07,3688.56,2025-11-09,2026-04-24
Croissant,Bread,Cash,Batangas,Alice,Pending,Online,13,227.32,2955.16,2026-02-01,2026-05-30
Brownie,Dessert,Cash,Laguna,John,Pending,Reseller,10,331.69,3316.9,2025-07-26,2026-01-13
Donut,Pastry,Cash,Manila,Alice,Cancelled,Online,15,224.26,3363.9,2025-09-03,2026-02-04
Donut,Cake,Debit Card,Cavite,James,Pending,Reseller,12,107.63,1291.56,2025-09-25,2025-11-08
Cheesecake,Cake,Cash,Manila,John,Pending,Walk-in,10,497.63,4976.3,2025-05-24,2026-01-16
Donut,Pastry,Debit Card,Laguna,John,Pending,Online,10,457.99,4579.9,2025-06-18,2025-12-10
Cheesecake,Dessert,GCash,Batangas,Daniel,Cancelled,Reseller,2,488.05,976.1,2026-04-30,2026-05-09
Cookies,Pastry,Cash,Laguna,Daniel,Completed,Reseller,4,459.37,1837.48,2025-10-19,2026-01-01
Donut,Pastry,GCash,Laguna,John,Cancelled,Reseller,3,477.71,1433.13,2026-01-14,2026-02-23
Donut,Pastry,Cash,Laguna,James,Completed,Online,9,65.68,591.12,2026-02-01,2026-05-14
Croissant,Dessert,Debit Card,Batangas,Sophia,Pending,Online,10,443.37,4433.7,2026-01-13,2026-04-21
Baguette,Cake,Credit Card,Laguna,James,Pending,Online,4,136.87,547.48,2025-12-04,2026-04-14
Cheesecake,Dessert,Cash,Cavite,John,Completed,Online,5,232.35,1161.75,2026-05-01,2026-06-09
Cookies,Dessert,GCash,Laguna,James,Pending,Walk-in,12,421.98,5063.76,2026-03-08,2026-05-29
Cookies,Cake,Debit Card,Laguna,Maria,Completed,Online,3,354.12,1062.36,2026-03-30,2026-05-14
Cheesecake,Pastry,Debit Card,Batangas,Maria,Pending,Walk-in,8,211.2,1689.6,2025-08-02,2026-04-19
Cupcake,Bread,Credit Card,Batangas,Daniel,Completed,Walk-in,4,332.35,1329.4,2025-10-25,2026-04-27
Croissant,Cake,Credit Card,Laguna,Daniel,Completed,Walk-in,13,233.75,3038.75,2026-01-21,2026-03-04
Cupcake,Bread,Debit Card,Manila,Maria,Cancelled,Online,1,161.03,161.03,2025-10-03,2026-04-27
Cupcake,Cake,Cash,Cavite,Maria,Cancelled,Reseller,7,271.31,1899.17,2026-03-26,2026-05-19
Croissant,Bread,GCash,Laguna,John,Completed,Reseller,13,372.92,4847.96,2025-10-11,2026-04-11
Cupcake,Bread,Debit Card,Manila,Sophia,Completed,Online,13,201.43,2618.59,2025-07-18,2025-09-12
Donut,Pastry,Credit Card,Batangas,Daniel,Pending,Walk-in,3,422.96,1268.88,2025-12-17,2026-05-17
Cheesecake,Dessert,Cash,Laguna,Daniel,Cancelled,Walk-in,12,411.57,4938.84,2025-10-21,2025-12-08
Cheesecake,Bread,Cash,Cavite,Maria,Cancelled,Walk-in,4,241.41,965.64,2025-12-28,2026-02-08
Cookies,Pastry,Debit Card,Manila,Maria,Cancelled,Walk-in,14,134.59,1884.26,2025-07-07,2025-10-31
Cupcake,Pastry,Debit Card,Batangas,James,Completed,Reseller,3,154.36,463.08,2025-11-19,2026-04-10
Cheesecake,Bread,Debit Card,Laguna,Sophia,Cancelled,Online,2,421.82,843.64,2025-11-13,2025-11-25
Cheesecake,Cake,GCash,Laguna,James,Completed,Walk-in,4,444.3,1777.2,2025-11-03,2026-03-29
Cookies,Cake,Cash,Laguna,Maria,Completed,Reseller,8,479.03,3832.24,2025-08-19,2026-01-03
Cheesecake,Dessert,Debit Card,Batangas,Maria,Pending,Online,15,315.35,4730.25,2025-05-24,2026-02-23
Croissant,Cake,GCash,Cavite,James,Completed,Walk-in,9,310.78,2797.02,2026-01-21,2026-02-13
Croissant,Pastry,Cash,Batangas,Alice,Completed,Reseller,3,438.48,1315.44,2025-12-27,2026-03-24
Cheesecake,Bread,GCash,Manila,John,Pending,Reseller,15,485.45,7281.75,2025-09-13,2026-01-06
Cupcake,Bread,Debit Card,Batangas,Alice,Cancelled,Walk-in,6,206.75,1240.5,2025-07-26,2026-06-07
Brownie,Pastry,Cash,Manila,Daniel,Completed,Reseller,10,425.14,4251.4,2026-02-17,2026-03-10
